Database,GEM unit/phase ID,GEM location ID,Country/Area,Wiki URL,Plant name,Unit name,Plant name (other),Plant name (local),Owner,Owner GEM Entity ID,Parent,Parent GEM Entity ID,Capacity (MW),Status,Start year,Retired year,Planned retirement,Combustion technology,Coal type,Coal source,Conversion to (fuel),Conversion to (GEM unit ID),Alternate Fuel,Location,"Local area (taluk, county)","Major area (prefecture, district)","Subnational unit (province, state)",Subregion,Region,Latitude,Longitude,Location accuracy,Permits,Permit Date,Permit Parsed,Captive,Captive industry use,Captive residential use,China Capacity Payment Recipient,CHP,Plant age (years),Capacity factor,Heat rate (Btu per kWh),Emission factor (kg of CO2 per TJ),Annual CO2 (million tonnes / annum),Remaining plant lifetime (years),Lifetime CO2 (million tonnes)
July 2025,G100000100057,L100000104168,United States,https://www.gem.wiki/AES_Puerto_Rico_power_station,AES Puerto Rico power station,Unit 1,,,AES Corp [100%],E100000001305 [100%],AES Corp [100.0%],E100000001305 [100.0%],255.0,operating,2002.0,,2028.0,subcritical,unknown,,,,,Guayama,Guayama,,Puerto Rico,Northern America,Americas,17.945558,-66.14944,exact,,,,,,,,,23,0.55,12182.8,96100,1.51765210686682,3,4.552956320600459
July 2025,G100000100130,L100000103996,United States,https://www.gem.wiki/Allen_S._King_Generating_Plant,Allen S. King Generating Plant,--,,,Xcel Energy Inc [100%],E100000001329 [100%],Xcel Energy Inc [100.0%],E100000001329 [100.0%],598.4,operating,1958.0,,2028.0,supercritical,subbituminous,"Black Thunder Mine (Arch coal), North Antelope Rochelle Mine (Peabody Coal)",,,,Stillwater,Washington,,Minnesota,Northern America,Americas,45.032414,-92.778776,exact,,,,,,,,,67,0.55,10511.25,96100,3.072775874907222,3,9.218327624721665
July 2025,G100000100165,L100000104249,United States,https://www.gem.wiki/Amos_Plant,Amos Plant,Unit 3,John E Amos power station,,Appalachian Power Co [100%],E100000002449 [100%],American Electric Power Company Inc [100.0%],E100000001140 [100.0%],1300.0,operating,1973.0,,,supercritical,bituminous,"Marshall County Mine (Consolidation Coal), Powhatan No. 6 Mine (Consolidation Coal), Mammoth Mine (Contura Energy), Ridgeline #4 (Case Coal Sales), Mine 6 (Black Jewel), Zigmond Processing (Contura Energy), Fork Creek 1 Mine (Blackjewel)",,,,Saint Albans,Putnam,,West Virginia,Northern America,Americas,38.473717,-81.824919,exact,,,,,,,,,52,0.55,10511.25,94600,6.571286474234625,5,32.85643237117312
July 2025,G100000100277,L100000104089,United States,https://www.gem.wiki/Antelope_Valley_Station,Antelope Valley Station,Unit 2,,,Basin Electric Power Cooperative [100%],E100000002183 [100%],Basin Electric Power Cooperative [100.0%],E100000002183 [100.0%],434.9,operating,1986.0,,,subcritical,lignite,Freedom Mine (ND),,,,Beulah,Mercer,,North Dakota,Northern America,Americas,47.370558,-101.835772,exact,,,,,,,,,39,0.55,11747.7,101000,2.62316238013724,5,13.1158119006862
July 2025,G100000100289,L100000103787,United States,https://www.gem.wiki/Apache_Generating_Station,Apache Generating Station,"Unit 3, timepoint 1",,,Arizona Electric Power Cooperative Inc [100%],E100000002175 [100%],Arkansas Electric Cooperative Corp [100.0%],E100000002176 [100.0%],204.0,operating,1979.0,,2027.0,subcritical,subbituminous,"El Segundo mine, Lee Ranch mine",,,,Cochise,Cochise,,Arizona,Northern America,Americas,32.061875,-109.894686,exact,,,,,,,,,46,0.55,12617.9,96100,1.257483174261079,2,2.514966348522158
July 2025,G100000100319,L100000103903,United States,https://www.gem.wiki/Archer_Daniels_Midland_Cedar_Rapids_Power_Plant,Archer Daniels Midland Cedar Rapids Power Plant,Unit 6,,,Archer-Daniels-Midland Co [100%],E100001000641 [100%],Archer-Daniels-Midland Co [100.0%],E100001000641 [100.0%],101.1,operating,2000.0,,,subcritical,bituminous,,,,,Cedar Rapids,Linn,,Iowa,Northern America,Americas,41.924733,-91.686397,exact,,,,agriculture,,,,yes,25,0.55,12182.8,94600,0.5923125751035755,10,5.923125751035755
July 2025,G100000100321,L100000103904,United States,https://www.gem.wiki/Archer_Daniels_Midland_Clinton_Power_Plant,Archer Daniels Midland Clinton Power Plant,Unit 2A,Clinton ADM New power station,,Archer-Daniels-Midland Co [100%],E100001000641 [100%],Archer-Daniels-Midland Co [100.0%],E100001000641 [100.0%],105.0,operating,2009.0,,,subcritical,bituminous,,,,bioenergy,Clinton,Clinton,,Iowa,Northern America,Americas,41.820939,-90.209494,exact,,,,agriculture,,,,yes,16,0.55,11312.6,94600,0.5712213261384631,19,10.8532051966308
July 2025,G100000100328,L100000103852,United States,https://www.gem.wiki/Archer_Daniels_Midland_Decatur_Power_Plant,Archer Daniels Midland Decatur Power Plant,Unit 8,,,Archer-Daniels-Midland Co [100%],E100001000641 [100%],Archer-Daniels-Midland Co [100.0%],E100001000641 [100.0%],105.0,operating,2005.0,,,subcritical,bituminous,,,,,Decatur,Macon,,Illinois,Northern America,Americas,39.870008,-88.890964,exact,,,,agriculture,,,,yes,20,0.55,12182.8,94600,0.615161428149114,15,9.22742142223671
July 2025,G100000100476,L100000103853,United States,https://www.gem.wiki/Baldwin_Energy_Station,Baldwin Energy Station,Unit 2,,,Dynegy Midwest Generation Inc [100%],E100001001277 [100%],Vistra Corp [100.0%],E100000001322 [100.0%],634.5,operating,1973.0,,2027.0,subcritical,subbituminous,,,,,Baldwin,Randolph,,Illinois,Northern America,Americas,38.204531,-89.855978,exact,,,,,,,,,52,0.55,10877.5,96100,3.371674586158952,2,6.743349172317903
July 2025,G100000100648,L100000103776,United States,https://www.gem.wiki/Barry_Steam_Plant,Barry Steam Plant,Unit 5,,,Alabama Power Co [100%],E100000002418 [100%],Southern Co [100.0%],E100000001309 [100.0%],788.8,operating,1971.0,,2028.0,supercritical,bituminous,,,,,Bucks,Mobile,,Alabama,Northern America,Americas,31.006553,-88.008753,exact,,,,,,,,,54,0.55,10511.25,94600,3.987254439135593,3,11.96176331740678
July 2025,G100000100736,L100000104072,United States,https://www.gem.wiki/Belews_Creek_Steam_Station,Belews Creek Steam Station,Unit 1,,,Duke Energy Carolinas LLC [100%],E100000002838 [100%],Duke Energy Corp [100.0%],E100000001194 [100.0%],1080.0,operating,1974.0,,2035.0,supercritical,bituminous,,,,fossil gas,Walnut Cove,Stokes,,North Carolina,Northern America,Americas,36.2825,-80.058547,exact,,,,,,,,,51,0.55,10511.25,94600,5.45922260936415,10,54.5922260936415
July 2025,G100000100743,L100000103973,United States,https://www.gem.wiki/Belle_River_Power_Plant,Belle River Power Plant,"Unit 2, timepoint 1",,,Michigan Public Power Agency [18%]; DTE Electric Co [81%],E100000002239 [81%]; E100000002281 [18%],Michigan Public Power Agency [18.6%]; DTE Energy Co,E100000002281 [18.6%]; E100002004748,697.5,operating,1985.0,,2026.0,subcritical,subbituminous,,fossil gas: natural gas,G100001028278,,China,St Clair,,Michigan,Northern America,Americas,42.775292,-82.494311,exact,,,,,,,,,40,0.55,10877.5,96100,3.706450786203104,1,3.706450786203104
July 2025,G100000100852,L100000103820,United States,https://www.gem.wiki/Big_Bend_Station,Big Bend Station,Unit 4,,,Tampa Electric Co [100%],E100000004158 [100%],Emera Inc [100.0%],E100000000111 [100.0%],486.0,operating,1985.0,,2045.0,subcritical,bituminous,Dotiki Mine,,,,Ruskin,Hillsborough,,Florida,Northern America,Americas,27.794344,-82.403206,exact,,,,,,,,,40,0.55,10877.5,94600,2.542248759187665,20,50.8449751837533
July 2025,G100000100856,L100000103955,United States,https://www.gem.wiki/Big_Cajun_II_Power_Plant,Big Cajun II Power Plant,Unit 1,,,Louisiana Generating LLC [100%],E100000003493 [100%],Cleco Corporate Holdings LLC [100.0%],E100000001163 [100.0%],657.9,operating,1981.0,,2025.0,subcritical,subbituminous,,,,bioenergy,New Roads,Pointe Coupee,,Louisiana,Northern America,Americas,30.728097,-91.369775,exact,,,,,,,,,44,0.55,10877.5,96100,3.496020031889637,1,3.496020031889637
July 2025,G100000100861,L100000104183,United States,https://www.gem.wiki/Big_Stone_Power_Plant,Big Stone Power Plant,Unit 1,,,NorthWestern Energy Group Inc [23%]; Otter Tail Power Co [53%]; Montana-Dakota Utilities Co [22%],E100000003593 [22%]; E100000150310 [23%]; E100000003729 [53%],Otter Tail Corp [53.9%]; NorthWestern Energy Group Inc [23.4%]; MDU Resources Group Inc [22.7%],E100002007932 [53.9%]; E100000150310 [23.4%]; E100000001250 [22.7%],456.0,operating,1975.0,,,subcritical,subbituminous,"Rawhide Mine (Peabody coal), Eagle Butte Mine (Black Jewel)",,,,Big Stone City,Grant,,South Dakota,Northern America,Americas,45.304611,-96.511033,exact,,,,,,,,yes,50,0.55,10877.5,96100,2.42314201936719,5,12.11571009683595
July 2025,G100000101006,L100000104220,United States,https://www.gem.wiki/Bonanza_power_station,Bonanza power station,Unit 1,,,unknown [3%]; Deseret Generation and Transmission Cooperative [96%],E100001001269 [96%]; E100000132388 [3%],unknown [3.8%]; Bridger Valley Electric Association; Dixie Power; Garkane Power Association Inc; Moon Lake Electric Association Inc; Mt. Wheeler Power Inc,E100000132388 [3.8%]; E100001011318; E100001011319; E100001011320; E100001011321; E100001011322,499.5,operating,1986.0,,2030.0,subcritical,bituminous,Deserado Mine,,,,Vernal,Uintah,,Utah,Northern America,Americas,40.0864333,-109.2853528,exact,,,,,,,,,39,0.55,10877.5,94600,2.612866780276211,5,13.06433390138105
July 2025,G100000101022,L100000103998,United States,https://www.gem.wiki/Boswell_Energy_Center,Boswell Energy Center,Unit 4,Clay Boswell Plant,,WPPI Energy [20%]; ALLETE Inc [80%],E100000002340 [20%]; E100000002169 [80%],ALLETE Inc [80.0%]; WPPI Energy [20.0%],E100000002169 [80.0%]; E100000002340 [20.0%],558.0,operating,1980.0,,2035.0,subcritical,subbituminous,"Antelope Coal Mine (Cloud Peak), Spring Creek Mine (Cloud Peak), Decker Mine (Cloud Peak), Black Thunder Mine (Arch Coal)",,,,Cohasset,Itasca,,Minnesota,Northern America,Americas,47.262089,-93.652997,exact,,,,,,,,,45,0.55,10877.5,96100,2.965160628962483,10,29.65160628962483
July 2025,G100000108610,L100000103957,United States,https://www.gem.wiki/Brame_Energy_power_station,Brame Energy power station,Unit 3,"Madison 3; Rodemacher 4 (Unit 3), Rodemacher power station",,Cleco Power LLC [100%],E100000002720 [100%],Cleco Corporate Holdings LLC [100.0%],E100000001163 [100.0%],704.0,operating,2010.0,,,CFB,unknown,,,,"fossil liquids, bioenergy",Boyce,,,Louisiana,Northern America,Americas,31.396889,-92.719078,exact,,,,,,,,,15,0.55,9572.2,96100,3.292072245259566,20,65.84144490519131
July 2025,G100000101041,L100000103961,United States,https://www.gem.wiki/Brandon_Shores_Generating_Station,Brandon Shores Generating Station,Unit 2,,,Brandon Shores LLC [100%],E100001001214 [100%],Talen Energy Corp,E100000002328,685.0,operating,1991.0,,2029.0,subcritical,bituminous,Bailey Mine,,,,Baltimore,Anne Arundel,,Maryland,Northern America,Americas,39.179833,-76.53633,exact,,,,,,,,,34,0.55,10877.5,94600,3.583210699678088,4,14.33284279871235
July 2025,G100000101072,L100000104133,United States,https://www.gem.wiki/Brunner_Island_power_station,Brunner Island power station,"Unit 3, timepoint 1",,,Brunner Island LLC [100%],E100000002564 [100%],Talen Energy Corp [100.0%],E100000002328 [100.0%],790.4,operating,1969.0,,2028.0,supercritical,bituminous,"Bailey Mine (Consol), Blacksville 2 Mine (Murray), Loveridge 22 Mine (Murray), Tunnel Ridge Mine (Alliance Coal)",fossil gas: natural gas,G100001017937,fossil gas,York Haven,York,,Pennsylvania,Northern America,Americas,40.095461,-76.696306,exact,,,,,,,,no,56,0.55,10511.25,94600,3.995342176334653,3,11.98602652900396
July 2025,G100000101178,L100000103974,United States,https://www.gem.wiki/Campbell_Generating_Plant,Campbell Generating Plant,Unit 3,JH Campbell power station,,unknown [6%]; Consumers Energy Co [93%],E100000132388 [6%]; E100000002747 [93%],CMS Energy Corp [93.3%]; unknown [6.7%],E100000001164 [93.3%]; E100000132388 [6.7%],871.0,operating,1980.0,,2025.0,subcritical,bituminous,,,,,West Olive,Ottawa,,Michigan,Northern America,Americas,42.910296,-86.20074,exact,,,,,,,,,45,0.55,10877.5,94600,4.556170101342503,1,4.556170101342503
July 2025,G100000101219,L100000104103,United States,https://www.gem.wiki/Cardinal_Plant,Cardinal Plant,Unit 3,,,Buckeye Power Inc [100%],E100000002188 [100%],Buckeye Power Inc [100.0%],E100000002188 [100.0%],650.0,operating,1977.0,,2028.0,supercritical,bituminous,,,,,Brilliant,Jefferson,,Ohio,Northern America,Americas,40.253003,-80.646803,exact,,,,,,,,,48,0.55,10511.25,94600,3.285643237117312,3,9.856929711351937
July 2025,G100000101247,L100000103880,United States,https://www.gem.wiki/Cayuga_Generating_Station,Cayuga Generating Station,Unit 2,,,Duke Energy Indiana LLC [100%],E100000002840 [100%],Duke Energy Corp,E100000001194,531.0,operating,1972.0,,2028.0,subcritical,bituminous,,,,,Cayuga,Vermillion,,Indiana,Northern America,Americas,39.923308,-87.427381,exact,,,,,,,,,53,0.55,10877.5,94600,2.777642162816152,3,8.332926488448457
July 2025,G100000101265,L100000104247,United States,https://www.gem.wiki/Centralia_Power_Plant,Centralia Power Plant,Unit 2,,,TransAlta Centralia Generation LLC [100%],E100001001430 [100%],TRANSALTA USA Inc [100.0%],E100001001421 [100.0%],730.0,operating,1973.0,,2025.0,subcritical,subbituminous,"Rawhide Mine (Peabody), Spring Creek Mine (Cload Peak)",,,,Centralia,Lewis,,Washington,Northern America,Americas,46.755925,-122.857217,exact,,,,,,,,,52,0.55,10877.5,96100,3.879152794162388,1,3.879152794162388
July 2025,G100000101614,L100000103881,United States,https://www.gem.wiki/Clifty_Creek_Station,Clifty Creek Station,Unit 5,,,Indiana-Kentucky Electric Corp [100%],E100001000626 [100%],American Electric Power Company Inc [100.0%],E100000001140 [100.0%],217.3,operating,1955.0,,,subcritical,bituminous,,,,,Madison,Jefferson,,Indiana,Northern America,Americas,38.738431,-85.419064,exact,,,,,,,,,70,0.55,12617.9,94600,1.318558765907236,5,6.592793829536178
July 2025,G100000101620,L100000104235,United States,https://www.gem.wiki/Clover_power_station,Clover power station,Unit 1,,,Virginia Electric and Power Co [50%]; Old Dominion Electric Cooperative [50%],E100000004306 [50%]; E100000002299 [50%],Dominion Energy Inc [50.0%]; Old Dominion Electric Cooperative [50.0%],E100000001193 [50.0%]; E100000002299 [50.0%],424.0,operating,1995.0,,,subcritical,bituminous,"Clintwood Elkhorn 2 (Clintwood), Apex 1 Mine (Clintwood)",,,,Clover,Halifax,,Virginia,Northern America,Americas,36.869533,-78.704414,exact,,,,,,,,,30,0.55,11747.7,94600,2.395363275323489,5,11.97681637661745
July 2025,G100000101626,L100000104090,United States,https://www.gem.wiki/Coal_Creek_Station,Coal Creek Station,Unit 2,,,Rainbow Energy Center LLC [100%],E100001001392 [100%],United Energy Corp,E100001000538,605.0,operating,1980.0,,,subcritical,lignite,Falkirk Mine,,,,Underwood,McLean,,North Dakota,Northern America,Americas,47.378511,-101.157033,exact,,,,,,,,yes,45,0.55,10877.5,101000,3.378838132186687,5,16.89419066093344
July 2025,G100000101663,L100000104195,United States,https://www.gem.wiki/Coleto_Creek_power_station,Coleto Creek power station,"Unit 1, timepoint 1",,,Luminant Generation Company LLC [100%],E100000003498 [100%],Vistra Corp [100.0%],E100000001322 [100.0%],600.0,operating,1980.0,,2027.0,subcritical,subbituminous,,fossil gas: natural gas,G100001028188,,Fannin,Goliad,,Texas,Northern America,Americas,28.712836,-97.214378,exact,,,,,,,,,45,0.55,10877.5,96100,3.18834476232525,2,6.3766895246505
July 2025,G100000101673,L100000104031,United States,https://www.gem.wiki/Colstrip_Steam_Plant,Colstrip Steam Plant,Unit 4,"Colstrip 1&2 power station (Unit 1, Unit 2), Colstrip 3&4 power station (Unit 3, Unit 4)",,Avista Corp [15%]; NorthWestern Corp [30%]; Portland General Electric Co [20%]; PacifiCorp [10%]; Puget Sound Energy Inc [25%],E100000003765 [10%]; E100001001368 [30%]; E100000002308 [25%]; E100000002180 [15%]; E100000002305 [20%],NorthWestern Energy Group Inc [30.0%]; PUGET HOLDINGS LLC [25.0%]; Portland General Electric Co [20.0%]; Avista Corp [15.0%]; Berkshire Hathaway Inc [10.0%],E100000150310 [30.0%]; E100001001379 [25.0%]; E100000002305 [20.0%]; E100000002180 [15.0%]; E100000001155 [10.0%],778.0,operating,1986.0,,,subcritical,subbituminous,Rosebud mine,,,,Colstrip,Rosebud,,Montana,Northern America,Americas,45.882386,-106.612847,exact,,,,,,,,,39,0.55,10877.5,96100,4.134220375148408,5,20.67110187574204
July 2025,G100000101675,L100000104268,United States,https://www.gem.wiki/Columbia_Energy_Center,Columbia Energy Center,Unit 2,,,Wisconsin Power and Light Co [53%]; Madison Gas & Electric Co [19%]; Wisconsin Public Service Corp [27%],E100000003518 [19%]; E100000004338 [27%]; E100000004337 [53%],Alliant Energy Corp [53.5%]; WEC Energy Group Inc [27.5%]; MGE Energy Inc [19.0%],E100000001135 [53.5%]; E100000001324 [27.5%]; E100000001251 [19.0%],556.0,operating,1978.0,,2029.0,subcritical,subbituminous,"Belle Ayr Mine (Black Jewel LLC), Cordero Rojo Mine (Cloud Peak), Black Thunder Mine (Arch Coal), North Antelope Rochelle Mine (Peabody Coal), Antelope Coal Mine (Arch Coal)",,,,Portage,Columbia,,Wisconsin,Northern America,Americas,43.486,-89.420794,exact,,,,,,,,,47,0.55,10877.5,96100,2.954532813088065,4,11.81813125235226
July 2025,G100000101676,L100000104037,United States,https://www.gem.wiki/Columbus_ADM_power_station,Columbus ADM power station,Unit 1,,,Archer-Daniels-Midland Co [100%],E100001000641 [100%],Archer-Daniels-Midland Co [100.0%],E100001000641 [100.0%],71.4,operating,2010.0,,,subcritical,bituminous,,,,"bioenergy, other",Columbus,,,Nebraska,Northern America,Americas,41.41603951,-97.2865376,exact,,,,agriculture,,,,yes,15,0.55,11312.6,94600,0.3884305017741549,20,7.768610035483099
July 2025,G100000101680,L100000103807,United States,https://www.gem.wiki/Comanche_power_station,Comanche power station,Unit 3,,,Public Service Company of Colorado [66%]; Holy Cross Electric Association Inc [8%]; CORE Electric Cooperative [25%],E100001001318 [8%]; E100000003845 [66%]; E100001001222 [25%],Xcel Energy Inc [66.7%]; CORE Electric Cooperative [25.3%]; Holy Cross Electric Association Inc [8.0%],E100000001329 [66.7%]; E100001001222 [25.3%]; E100001001318 [8.0%],856.8,operating,2010.0,,2030.0,supercritical,subbituminous,"Belle Ayr Mine, Eagle Butte Mine, North Antelope Rochelle Mine, Foidel Creek Mine",,,,Pueblo,,,Colorado,Northern America,Americas,38.208546,-104.57531,exact,,,,,,,,,15,0.55,9249.900000000001,96100,3.8716976023831,5,19.3584880119155
July 2025,G100000101689,L100000104137,United States,https://www.gem.wiki/Conemaugh_Generating_Station,Conemaugh Generating Station,Unit 1,,,Montour LLC [22%]; Conemaugh Power Pass-Through Holders LLC [16%]; Chief Conemaugh Power LLC [35%]; unknown [3%]; Chief Conemaugh Power II LLC [22%],E100001001357 [22%]; E100001001229 [35%]; E100001001261 [16%]; E100001001228 [22%]; E100000132388 [3%],Chief Conemaugh Power LLC [35.1%]; Conemaugh Power Pass-Through Holders LLC [16.4%]; unknown [3.7%]; ArcLight Capital Holdings LLC; Talen Energy Corp,E100001001229 [35.1%]; E100001001261 [16.4%]; E100000132388 [3.7%]; E100001010205; E100000002328,936.0,operating,1970.0,,2028.0,supercritical,bituminous,"Bailey Mine (Consol), Lowry Mine (Rosebud mining), Cumberland Mine (Contura), Ernest Mine (Gulf), Mast Mine (P&N Coal), Fieg Bros (RFI), Tasara Strips (RFI), Laurel Sand and Stone Mine (Kacey Material Handeling), Mine No 1 (RFI), Hoover Job Mine (RFI)",,,,New Florence,Indiana,,Pennsylvania,Northern America,Americas,40.383233,-79.061144,exact,,,,,,,,,55,0.55,10511.25,94600,4.73132626144893,3,14.19397878434679
July 2025,G100000101701,L100000103935,United States,https://www.gem.wiki/Cooper_power_station,Cooper power station,"Unit 2, timepoint 1",J.S. Cooper power station,,East Kentucky Power Cooperative Inc [100%],E100000002243 [100%],East Kentucky Power Cooperative Inc [100.0%],E100000002243 [100.0%],230.4,operating,1969.0,,,subcritical,bituminous,,"fossil gas: natural gas, coal: unknown",G100001048351,,Burnside,Pulaski,,Kentucky,Northern America,Americas,36.997728,-84.592175,exact,,,,,,,,,56,0.55,12617.9,94600,1.398048502830313,5,6.990242514151567
July 2025,G100000101702,L100000104171,United States,https://www.gem.wiki/Cope_Station,Cope Station,"Unit 1, timepoint 1",,,Dominion Energy South Carolina Inc [100%],E100000002818 [100%],Dominion Energy Inc,E100000001193,417.3,operating,1996.0,,2031.0,subcritical,bituminous,,fossil gas: natural gas,G100001017856,,Cope,Orangeburg,,South Carolina,Northern America,Americas,33.364769,-81.032092,exact,,,,,,,,no,29,0.55,11312.6,94600,2.270196756167435,6,13.62118053700461
July 2025,G100000101706,L100000103789,United States,https://www.gem.wiki/Coronado_Generating_Station,Coronado Generating Station,"Unit 1, timepoint 1",,,Salt River Project [100%],E100000001291 [100%],Salt River Project [100.0%],E100000001291 [100.0%],410.9,operating,1979.0,,2029.0,subcritical,subbituminous,"Spring Creek Mine (Navajo Transitional Energy), Antelope Coal Mine (Navajo Transitional Energy), Black Thunder Mine (Arch Coal)",fossil gas: natural gas,G100001055018,,Saint John,Apache,,Arizona,Northern America,Americas,34.577847,-109.272511,exact,,,,,,,,,46,0.55,11747.7,96100,2.358163553111002,4,9.432654212444007
July 2025,G100000101721,L100000104091,United States,https://www.gem.wiki/Coyote_Station,Coyote Station,Unit 1,,,Otter Tail Power Co [35%]; Minnkota Power Cooperative Inc [30%]; Montana-Dakota Utilities Co [25%]; NorthWestern Energy Group Inc [10%],E100000003729 [35%]; E100001001056 [30%]; E100000003593 [25%]; E100000150310 [10%],Otter Tail Corp [35.0%]; Minnkota Power Cooperative Inc [30.0%]; MDU Resources Group Inc [25.0%]; NorthWestern Energy Group Inc [10.0%],E100002007932 [35.0%]; E100001001056 [30.0%]; E100000001250 [25.0%]; E100000150310 [10.0%],450.0,operating,1981.0,,,subcritical,lignite,Coyote Creek mine,,,,Beulah,Mercer,,North Dakota,Northern America,Americas,47.221236,-101.814883,exact,,,,,,,,,44,0.55,10877.5,101000,2.513185387576875,5,12.56592693788438
July 2025,G100000101819,L100000103808,United States,https://www.gem.wiki/Craig_Station,Craig Station,Unit 3,"Yampa project (Unit 1, Unit 2)",,Tri-State Generation and Transmission Association Inc [100%],E100000004244 [100%],Tri-State Generation and Transmission Association Inc [100.0%],E100000004244 [100.0%],534.8,operating,1984.0,,2028.0,subcritical,subbituminous,,,,,Craig,Moffat,,Colorado,Northern America,Americas,40.4627,-107.591153,exact,,,,,,,,,41,0.55,10877.5,96100,2.841877964819239,3,8.525633894457716
July 2025,G100000101835,L100000104172,United States,https://www.gem.wiki/Cross_Generating_Station,Cross Generating Station,Unit 4,,,South Carolina Public Service Authority [100%],E100000001294 [100%],South Carolina Public Service Authority [100.0%],E100000001294 [100.0%],652.0,operating,2008.0,,,subcritical,bituminous,"Little Creek Mine, Glennbrook Taggart Marker Mine (Trinity Coal), Balkan Mine, Sugar Camp Mine, Birch River Mine Complex, Bevins Branch Mine, Mousie Mine",,,,Cross,Berkeley,,South Carolina,Northern America,Americas,33.369972,-80.11275,exact,,,,,,,,,17,0.55,9572.2,94600,3.001318205908466,18,54.02372770635239
July 2025,G100000101841,L100000103825,United States,https://www.gem.wiki/Crystal_River_Energy_Complex,Crystal River Energy Complex,Unit 4,,,Duke Energy Florida LLC [100%],E100000002839 [100%],Duke Energy Corp [100.0%],E100000001194 [100.0%],739.2,operating,1982.0,,2034.0,subcritical,bituminous,Omni Coal Buckhorn 2 Mine; Resource Energy; Alpha Coal Roxana and Pioneer Prep Plants; Arch Coal Kentucky River Loading; James River Coal 76 Plant; Fork Creek 1 Mine,,,,Crystal River,Citrus,,Florida,Northern America,Americas,28.957031,-82.700583,exact,,,,,,,,,43,0.55,10877.5,94600,3.866728976937289,9,34.8005607924356
July 2025,G100000101859,L100000104186,United States,https://www.gem.wiki/Cumberland_Steam_Plant,Cumberland Steam Plant,Unit 2,Cumberland Fossil Plant,,Tennessee Valley Authority [100%],E100000002329 [100%],Tennessee Valley Authority [100.0%],E100000002329 [100.0%],1300.0,operating,1973.0,,2028.0,supercritical,bituminous,Highland 9 mine,,,,Cumberland City,Stewart,,Tennessee,Northern America,Americas,36.389947,-87.651636,exact,,,,,,,,,52,0.55,10511.25,94600,6.571286474234625,3,19.71385942270387
July 2025,G100000101940,L100000103856,United States,https://www.gem.wiki/Dallman_Station,Dallman Station,Unit 4,,,City of Springfield - (IL) [100%],E100000002229 [100%],City of Springfield - (IL) [100.0%],E100000002229 [100.0%],230.1,operating,2009.0,,,subcritical,bituminous,Viper Coal Mine,,,,Springfield,Sangamon,,Illinois,Northern America,Americas,39.754472,-89.603128,exact,,,,,,,,,16,0.55,11312.6,94600,1.251790734709146,19,23.78402395947378
July 2025,G100000101966,L100000104008,United States,https://www.gem.wiki/Daniel_Generating_Plant,Daniel Generating Plant,Unit 2,Victor J. Daniel Generating Plant,,Florida Power & Light Co [50%]; Mississippi Power Co [50%],E100000003581 [50%]; E100000003156 [50%],NextEra Energy Inc [50.0%]; Southern Co [50.0%],E100000001267 [50.0%]; E100000001309 [50.0%],500.0,operating,1981.0,,2028.0,subcritical,bituminous,,,,,Escatawpa,Jackson,,Mississippi,Northern America,Americas,30.53265,-88.557111,exact,,,,,,,,,44,0.55,10877.5,94600,2.61548226253875,3,7.84644678761625
July 2025,G100000102275,L100000104281,United States,https://www.gem.wiki/Dave_Johnston_Power_Plant,Dave Johnston Power Plant,"Unit 4, timepoint 1",,,PacifiCorp [100%],E100000003765 [100%],Berkshire Hathaway Inc [100.0%],E100000001155 [100.0%],360.0,operating,1972.0,,2030.0,subcritical,subbituminous,,fossil gas: natural gas,G100001052252,,Glenrock,Converse,,Wyoming,Northern America,Americas,42.839072,-105.777397,exact,,,,,,,,,53,0.55,11747.7,96100,2.066047405986762,5,10.33023702993381
July 2025,G100000102468,L100000104282,United States,https://www.gem.wiki/Dry_Fork_Station,Dry Fork Station,Unit 1,,,Basin Electric Power Cooperative [100%],E100000002183 [100%],Basin Electric Power Cooperative [100.0%],E100000002183 [100.0%],484.0,operating,2011.0,,,subcritical,subbituminous,,,,,Gillette,Campbell,,Wyoming,Northern America,Americas,44.387442,-105.461327,exact,,,,,,,,,14,0.55,9572.2,96100,2.263299668615951,21,47.52929304093498
July 2025,G100000102540,L100000103937,United States,https://www.gem.wiki/E.W._Brown_Generating_Station,E.W. Brown Generating Station,Unit 3,,,Kentucky Utilities Co [100%],E100000003414 [100%],PPL Corp [100.0%],E100000001278 [100.0%],464.0,operating,1971.0,,2035.0,subcritical,bituminous,,,,,Burgin,Mercer,,Kentucky,Northern America,Americas,37.788331,-84.713531,exact,,,,,,,,,54,0.55,10877.5,94600,2.42716753963596,10,24.2716753963596
July 2025,G100000102546,L100000103938,United States,https://www.gem.wiki/East_Bend_Generating_Station,East Bend Generating Station,"Unit 2, timeline 1",,,Duke Energy Kentucky Inc [100%],E100000002841 [100%],Duke Energy Corp [100.0%],E100000001194 [100.0%],669.3,operating,1981.0,,,subcritical,bituminous,,fossil liquids: diesel,G100001055334,,Rabbit Hash,Boone,,Kentucky,Northern America,Americas,38.904169,-84.851336,exact,,,,,,,,,44,0.55,10877.5,94600,3.50108455663437,5,17.50542278317185
July 2025,G100000102588,L100000104269,United States,https://www.gem.wiki/Edgewater_Generating_Station,Edgewater Generating Station,"Unit 5, timepoint 1",,,Wisconsin Power and Light Co [100%],E100000004337 [100%],Alliant Energy Corp [100.0%],E100000001135 [100.0%],413.7,operating,1985.0,,2028.0,subcritical,subbituminous,,fossil gas: natural gas,G100001028183,,Sheboygan,Sheboygan,,Wisconsin,Northern America,Americas,43.716161,-87.705894,exact,,,,,,,,,40,0.55,11747.7,96100,2.374232810713121,3,7.122698432139362
July 2025,G100000115938,L100000103885,United States,https://www.gem.wiki/Edwardsport_power_station,Edwardsport power station,Unit 3,,,Duke Energy Indiana LLC [100%],E100000002840 [100%],Duke Energy Corp,E100000001194,331.5,operating,2013.0,,,IGCC,unknown,,,,,Edwardsport,,,Indiana,Northern America,Americas,38.797506,-87.250488,exact,,,,,,,,,12,0.55,9033.600000000002,96100,1.462949461073787,23,33.6478376046971
July 2025,G100000107594,L100000104274,United States,https://www.gem.wiki/Elm_Road_power_station,Elm Road power station,"Unit 2, timepoint 1","ERGS, Elm Road Generating Station, Oak Creek power station",,Madison Gas & Electric Co [8%]; Wisconsin Electric Power Co [83%]; WPPI Energy [8%],E100000002340 [8%]; E100000003518 [8%]; E100000004336 [83%],WEC Energy Group Inc [83.3%]; MGE Energy Inc [8.3%]; WPPI Energy [8.3%],E100000001324 [83.3%]; E100000001251 [8.3%]; E100000002340 [8.3%],701.3,operating,2011.0,,2032.0,supercritical,bituminous,,fossil gas: natural gas,G100001017955,,Oak Creek,,,Wisconsin,Northern America,Americas,42.8467861,-87.8294148,exact,,,,,,,,no,14,0.55,9249.900000000001,94600,3.119561553734657,7,21.8369308761426
July 2025,G100000102698,L100000103886,United States,https://www.gem.wiki/F._B._Culley_power_station,F. B. Culley power station,"Unit 3, timepoint 1",F. B. Culley Generating Station,,Southern Indiana Gas and Electric Co [100%],E100000004081 [100%],CenterPoint Energy Inc [100.0%],E100000001177 [100.0%],265.2,operating,1973.0,,2027.0,subcritical,bituminous,,fossil gas: natural gas,G100001028193,,Newburgh,Warrick,,Indiana,Northern America,Americas,37.908961,-87.324717,exact,,,,,,,,,52,0.55,12617.9,94600,1.609212078778642,2,3.218424157557283
July 2025,G100000102722,L100000104196,United States,https://www.gem.wiki/Fayette_Power_Project,Fayette Power Project,Unit 2,,,Austin Energy Corp [50%]; Lower Colorado River Authority [50%],E100000002179 [50%]; E100000002279 [50%],Austin Energy Corp [50.0%]; Lower Colorado River Authority [50.0%],E100000002179 [50.0%]; E100000002279 [50.0%],615.0,operating,1980.0,,,subcritical,subbituminous,,,,,La Grange,Fayette,,Texas,Northern America,Americas,29.916456,-96.750842,exact,,,,,,,,,45,0.55,10877.5,96100,3.268053381383381,5,16.34026690691691
July 2025,G100000102775,L100000103793,United States,https://www.gem.wiki/Flint_Creek_Power_Plant,Flint Creek Power Plant,Unit 1,,,Arkansas Electric Cooperative Corp [50%]; Southwestern Electric Power Co [50%],E100000002176 [50%]; E100000004084 [50%],American Electric Power Company Inc [50.0%]; Arkansas Electric Cooperative Corp [50.0%],E100000001140 [50.0%]; E100000002176 [50.0%],558.0,operating,1978.0,,2038.0,subcritical,subbituminous,,,,,Gentry,Benton,,Arkansas,Northern America,Americas,36.256083,-94.523908,exact,,,,,,,,,47,0.55,10877.5,96100,2.965160628962483,13,38.54708817651228
July 2025,G100000102778,L100000104250,United States,https://www.gem.wiki/Fort_Martin_power_station,Fort Martin power station,Unit 1,,,Monongahela Power Co [100%],E100001001356 [100%],FirstEnergy Corp,E100001001053,576.0,operating,1967.0,,2035.0,supercritical,bituminous,,,,,Maidsville,Monongalia,,West Virginia,Northern America,Americas,39.710364,-79.927164,exact,,,,,,,,,58,0.55,10511.25,94600,2.91158539166088,10,29.1158539166088
July 2025,G100000102783,L100000104060,United States,https://www.gem.wiki/Four_Corners_Steam_Plant,Four Corners Steam Plant,Unit 4,,,4C Acquisition LLC [7%]; Arizona Public Service Co [63%]; Tucson Electric Power Co [7%]; Public Service Company of New Mexico [13%]; Salt River Project [10%],E100001001188 [7%]; E100000002459 [63%]; E100000004251 [7%]; E100000001291 [10%]; E100000003846 [13%],Pinnacle West Capital Corp [70.0%]; PNM Resources Inc [13.0%]; Salt River Project [10.0%]; Fortis Inc [7.0%],E100000001283 [70.0%]; E100000001277 [13.0%]; E100000001291 [10.0%]; E100000000114 [7.0%],818.1,operating,1969.0,,2031.0,supercritical,subbituminous,,,,,Fruitland,San Juan,,New Mexico,Northern America,Americas,36.689369,-108.480339,exact,,,,,,,,,56,0.55,10511.25,96100,4.200932391814169,6,25.20559435088501
July 2025,G100000102914,L100000104187,United States,https://www.gem.wiki/Gallatin_Fossil_Plant,Gallatin Fossil Plant,Unit 3,,,Tennessee Valley Authority [100%],E100000002329 [100%],Tennessee Valley Authority [100.0%],E100000002329 [100.0%],327.6,operating,1959.0,,2035.0,subcritical,bituminous,,,,,Gallatin,Sumner,,Tennessee,Northern America,Americas,36.315372,-86.400783,exact,,,,,,,,,66,0.55,11747.7,94600,1.85075709668862,10,18.50757096688621
July 2025,G100000102959,L100000103780,United States,https://www.gem.wiki/Gaston_Steam_Plant,Gaston Steam Plant,"Unit 5, timepoint 1","Ernest C. Gaston Electric Generating Plant, EC Gaston power station, Plant Gaston",,Alabama Power Co [100%],E100000002418 [100%],Southern Co [100.0%],E100000001309 [100.0%],952.0,operating,1974.0,,2028.0,supercritical,bituminous,,fossil gas: natural gas,G100001017992,fossil gas,Wilsonville,Shelby,,Alabama,Northern America,Americas,33.243164,-86.458936,exact,,,,,,,,no,51,0.55,10511.25,94600,4.812203633439511,3,14.43661090031853
July 2025,G100000102960,L100000104107,United States,https://www.gem.wiki/Gavin_Power_Plant,Gavin Power Plant,Unit 1,General James M. Gavin Power Plant,,Lightstone Generation LLC [100%],E100000003485 [100%],Bridgepoint Group PLC; Energy Capital Partners Management LP,E100002016384; E100000001205,1300.0,operating,1974.0,,,supercritical,bituminous,,,,,Cheshire,Gallia,,Ohio,Northern America,Americas,38.935369,-82.115378,exact,,,,,,,,,51,0.55,10511.25,94600,6.571286474234625,5,32.85643237117312
July 2025,G100000102992,L100000103910,United States,https://www.gem.wiki/George_Neal_Station_North,George Neal Station North,Unit 3,,,MidAmerican Energy Co [72%]; Interstate Power and Light Co [28%],E100000003563 [72%]; E100000003319 [28%],Berkshire Hathaway Inc [72.0%]; Alliant Energy Corp [28.0%],E100000001155 [72.0%]; E100000001135 [28.0%],584.1,operating,1975.0,,,subcritical,subbituminous,,,,,Sioux City,Woodbury,,Iowa,Northern America,Americas,42.325833,-96.381361,exact,,,,,,,,,50,0.55,10877.5,96100,3.103853626123631,5,15.51926813061815
July 2025,G100000102993,L100000103911,United States,https://www.gem.wiki/George_Neal_Station_South,George Neal Station South,Unit 4,,,NorthWestern Energy Group Inc [8%]; Corn Belt Power Cooperative [8%]; MidAmerican Energy Co [40%]; Interstate Power and Light Co [25%]; unknown [16%],E100000132388 [16%]; E100000150310 [8%]; E100000003319 [25%]; E100001001263 [8%]; E100000003563 [40%],Berkshire Hathaway Inc [40.6%]; Alliant Energy Corp [25.7%]; unknown [16.4%]; NorthWestern Energy Group Inc [8.7%]; Touchstone Energy Cooperative Inc,E100000001155 [40.6%]; E100000001135 [25.7%]; E100000132388 [16.4%]; E100000150310 [8.7%]; E100000001311,695.9,operating,1979.0,,,subcritical,subbituminous,,,,,Sioux City,Woodbury,,Iowa,Northern America,Americas,42.299653,-96.362597,exact,,,,,,,,yes,46,0.55,10877.5,96100,3.69794853350357,5,18.48974266751785
July 2025,G100000103006,L100000104038,United States,https://www.gem.wiki/Gerald_Gentleman_Station,Gerald Gentleman Station,Unit 2,,,Nebraska Public Power District [100%],E100000002289 [100%],Nebraska Public Power District [100.0%],E100000002289 [100.0%],681.3,operating,1982.0,,,subcritical,subbituminous,,,,,Sutherland,Lincoln,,Nebraska,Northern America,Americas,41.080981,-101.14075,exact,,,,,,,,,43,0.55,10877.5,96100,3.620365477620321,5,18.1018273881016
July 2025,G100000103015,L100000103941,United States,https://www.gem.wiki/Ghent_Generating_Station,Ghent Generating Station,Unit 1,,,Kentucky Utilities Co [100%],E100000003414 [100%],PPL Corp [100.0%],E100000001278 [100.0%],556.9,operating,1974.0,,,subcritical,bituminous,,,,,Ghent,Carroll,,Kentucky,Northern America,Americas,38.748617,-85.0374,exact,,,,,,,,,51,0.55,10877.5,94600,2.91312414401566,5,14.5656207200783
July 2025,G100000103031,L100000103889,United States,https://www.gem.wiki/Gibson_Generating_Station,Gibson Generating Station,Unit 4,,,Duke Energy Indiana LLC [100%],E100000002840 [100%],Duke Energy Corp,E100000001194,667.9,operating,1979.0,,2031.0,supercritical,bituminous,,,,,East Mount Carmel,Gibson,,Indiana,Northern America,Americas,38.371381,-87.768189,exact,,,,,,,,,46,0.55,10511.25,94600,3.376124797031774,6,20.25674878219064
July 2025,G100000103118,L100000104122,United States,https://www.gem.wiki/Grand_River_Energy_Center,Grand River Energy Center,Unit 2,"GREC, Chouteau Plant, GRDA Plant",,Grand River Dam Authority [100%],E100000002261 [100%],Grand River Dam Authority [100.0%],E100000002261 [100.0%],594.0,operating,1985.0,,2026.0,subcritical,subbituminous,,,,,Chouteau,Mayes,,Oklahoma,Northern America,Americas,36.188703,-95.289033,exact,,,,,,,,,40,0.55,10877.5,96100,3.156461314701998,1,3.156461314701998
July 2025,G100000103642,L100000104034,United States,https://www.gem.wiki/Hardin_Generating_Station,Hardin Generating Station,Unit 1,,,Heorot Power Management LLC [100%],E100001001317 [100%],Heorot Power Holdings LLC [100.0%],E100001001308 [100.0%],115.7,operating,2006.0,,,subcritical,subbituminous,,,,,Hardin,Big Horn,,Montana,Northern America,Americas,45.764342,-107.598292,exact,,,,,,,,,19,0.55,11312.6,96100,0.6394119142684546,16,10.23059062829527
July 2025,G100000103666,L100000104252,United States,https://www.gem.wiki/Harrison_power_station,Harrison power station,Unit 2,,,Monongahela Power Co [100%],E100001001356 [100%],FirstEnergy Corp,E100001001053,684.0,operating,1973.0,,2040.0,supercritical,bituminous,,,,,Haywood,Harrison,,West Virginia,Northern America,Americas,39.385428,-80.333397,exact,,,,,,,,,52,0.55,10511.25,94600,3.457507652597295,15,51.86261478895943
July 2025,G100000103690,L100000104016,United States,https://www.gem.wiki/Hawthorn_Station,Hawthorn Station,Unit 5R,,,Evergy Metro Inc [100%],E100000003004 [100%],Evergy Inc [100.0%],E100000001210 [100.0%],565.0,operating,2001.0,,,subcritical,subbituminous,,,,,Kansas City,Jackson,,Missouri,Northern America,Americas,39.130683,-94.4778,exact,,,,,,,,,24,0.55,10442.4,96100,2.882263665142027,11,31.7049003165623
July 2025,G100000103692,L100000103809,United States,https://www.gem.wiki/Hayden_Station,Hayden Station,Unit 2,,,Public Service Company of Colorado [37%]; Salt River Project [50%]; PacifiCorp [12%],E100000003765 [12%]; E100000003845 [37%]; E100000001291 [50%],Salt River Project [50.0%]; Xcel Energy Inc [37.4%]; Berkshire Hathaway Inc [12.6%],E100000001291 [50.0%]; E100000001329 [37.4%]; E100000001155 [12.6%],257.0,operating,1976.0,,2027.0,subcritical,bituminous,,,,,Hayden,Routt,,Colorado,Northern America,Americas,40.487122,-107.185669,exact,,,,,,,,,49,0.55,12617.9,94600,1.559455144216104,2,3.118910288432208
July 2025,G100000103703,L100000103786,United States,https://www.gem.wiki/Healy_Power_Plant,Healy Power Plant,Clean Coal Unit 2,,,Golden Valley Electric Association Inc [100%],E100001000666 [100%],Golden Valley Electric Association Inc [100.0%],E100001000666 [100.0%],50.0,operating,2015.0,,,subcritical,subbituminous,,,,,Healy,,,Alaska,Northern America,Americas,63.854431,-148.94815,exact,,,,,,,,,10,0.55,11312.6,96100,0.2763232127348551,25,6.908080318371376
July 2025,G100000103925,L100000103921,United States,https://www.gem.wiki/Holcomb_Station,Holcomb Station,Unit 1,,,Sunflower Electric Power Corporation Inc [100%],E100000002327 [100%],Sunflower Electric Power Corporation Inc [100.0%],E100000002327 [100.0%],348.7,operating,1983.0,,,subcritical,subbituminous,,,,bioenergy,Holcomb,Finney,,Kansas,Northern America,Americas,37.9307889,-100.9724694,exact,,,,,,,,,42,0.55,11747.7,96100,2.001196473521067,5,10.00598236760533
July 2025,G100000104731,L100000104123,United States,https://www.gem.wiki/Hugo_power_station,Hugo power station,Unit 1,"Hugo 2 (Unit 2), Hugo 1 (Unit 1)",,Western Farmers Electric Cooperative [100%],E100000002343 [100%],Western Farmers Electric Cooperative [100.0%],E100000002343 [100.0%],446.0,operating,1982.0,,,subcritical,subbituminous,,,,,Fort Townsend,Choctaw,,Oklahoma,Northern America,Americas,34.014675,-95.3209667,exact,,,,,,,,,43,0.55,11747.7,96100,2.559603175194711,5,12.79801587597355
July 2025,G100000104756,L100000104223,United States,https://www.gem.wiki/Hunter_Power_Plant,Hunter Power Plant,Unit 3,,,PacifiCorp [100%],E100000003765 [100%],Berkshire Hathaway Inc [100.0%],E100000001155 [100.0%],527.2,operating,1983.0,,,subcritical,subbituminous,,,,,Castle Dale,Emery,,Utah,Northern America,Americas,39.173339,-111.028911,exact,,,,,,,,,42,0.55,10877.5,96100,2.801492264496454,5,14.00746132248227
July 2025,G100000104759,L100000104224,United States,https://www.gem.wiki/Huntington_Power_Plant,Huntington Power Plant,Unit 2,,,PacifiCorp [100%],E100000003765 [100%],Berkshire Hathaway Inc [100.0%],E100000001155 [100.0%],541.3,operating,1977.0,,,subcritical,subbituminous,,,,,Huntington,Emery,,Utah,Northern America,Americas,39.378786,-111.079314,exact,,,,,,,,,48,0.55,10877.5,96100,2.876418366411096,5,14.38209183205548
July 2025,G100000104814,L100000104017,United States,https://www.gem.wiki/Iatan_Generating_Station,Iatan Generating Station,Unit 2,,,Evergy Metro Inc [54%]; Empire District Electric Co [12%]; Evergy Missouri West Inc [18%]; Missouri Joint Municipal Electric Utility Commission [11%]; unknown [3%],E100000003005 [18%]; E100000001258 [11%]; E100000003004 [54%]; E100000150460 [12%]; E100000132388 [3%],Evergy Inc [72.7%]; Missouri Joint Municipal Electric Utility Commission [11.8%]; unknown [3.5%]; Algonquin Power & Utilities Corp,E100000001210 [72.7%]; E100000001258 [11.8%]; E100000132388 [3.5%]; E100000001133,914.0,operating,2010.0,,,supercritical,subbituminous,,,,,Weston,Platte,,Missouri,Northern America,Americas,39.449833,-94.978611,exact,,,,,,,,,15,0.55,9249.900000000001,96100,4.130172278919414,20,82.60344557838827
July 2025,G100000104836,L100000103794,United States,https://www.gem.wiki/Independence_Steam_Station,Independence Steam Station,Unit 2,,,City Water and Light (Arkansas) [15%]; East Texas Electric Cooperative Inc [7%]; Entergy Mississippi LLC [25%]; Arkansas Electric Cooperative Corp [35%]; Entergy Power LLC [14%]; unknown [3%],E100000002244 [7%]; E100000002176 [35%]; E100001001286 [14%]; E100000002989 [25%]; E100000132388 [3%]; E100000001181 [15%],Entergy Corp [39.4%]; Arkansas Electric Cooperative Corp [35.0%]; City Water and Light (Arkansas) [15.0%]; East Texas Electric Cooperative Inc [7.1%]; unknown [3.5%],E100000001209 [39.4%]; E100000002176 [35.0%]; E100000001181 [15.0%]; E100000002244 [7.1%]; E100000132388 [3.5%],900.0,operating,1984.0,,2030.0,subcritical,subbituminous,,,,,Newark,Independence,,Arkansas,Northern America,Americas,35.67815,-91.407736,exact,,,,,,,,,41,0.55,10877.5,96100,4.782517143487875,5,23.91258571743938
July 2025,G100000104872,L100000104225,United States,https://www.gem.wiki/Intermountain_power_station,Intermountain power station,Unit 1,,,Intermountain Power Agency [100%],E100000002269 [100%],Intermountain Power Agency [100.0%],E100000002269 [100.0%],820.0,operating,1986.0,,2025.0,subcritical,bituminous,,,,,Delta,Millard,,Utah,Northern America,Americas,39.51095,-112.580122,exact,,,,,,,,,39,0.55,10877.5,94600,4.289390910563551,1,4.289390910563551
July 2025,G100000104932,L100000104200,United States,https://www.gem.wiki/J._K._Spruce_Station,J. K. Spruce Station,"Unit 2, timepoint 1","Calaveras, Spruce",,City of San Antonio (Texas) [100%],E100000002226 [100%],City of San Antonio (Texas) [100.0%],E100000002226 [100.0%],878.0,operating,2010.0,,2027.0,subcritical,subbituminous,,"fossil gas: natural gas, coal: unknown",G100001017982,,San Antonio,Bexar,,Texas,Northern America,Americas,29.309722,-98.3203,exact,,,,,,,,no,15,0.55,9572.2,96100,4.10573782860497,2,8.21147565720994
July 2025,G100000101608,L100000104075,United States,https://www.gem.wiki/James_E._Rogers_Energy_Complex,James E. Rogers Energy Complex,Unit 5,Cliffside Plant,,Duke Energy Carolinas LLC [100%],E100000002838 [100%],Duke Energy Corp [100.0%],E100000001194 [100.0%],621.0,operating,1972.0,,2030.0,subcritical,bituminous,,,,fossil gas,Cliffside,Cleveland,,North Carolina,Northern America,Americas,35.216367,-81.762406,exact,,,,,,,,,53,0.55,10877.5,94600,3.248428970073127,5,16.24214485036564
July 2025,G100000105012,L100000103922,United States,https://www.gem.wiki/Jeffrey_Energy_Center,Jeffrey Energy Center,Unit 1,,,Evergy Missouri West Inc [8%]; Evergy Kansas Central Inc [72%]; Evergy Kansas South Inc [20%],E100000003005 [8%]; E100000003002 [72%]; E100000003003 [20%],Evergy Inc [100.0%],E100000001210 [100.0%],720.0,operating,1978.0,,2039.0,subcritical,subbituminous,,,,,Belvue,Pottawatomie,,Kansas,Northern America,Americas,39.286842,-96.116131,exact,,,,,,,,,47,0.55,10877.5,96100,3.8260137147903,14,53.56419200706421
July 2025,G100000105180,L100000104283,United States,https://www.gem.wiki/Jim_Bridger_Steam_Plant,Jim Bridger Steam Plant,"Unit 4, timepoint 1",,,PacifiCorp [66%]; Idaho Power Co [33%],E100000003765 [66%]; E100000003294 [33%],Berkshire Hathaway Inc [66.7%]; IDACORP Inc [33.3%],E100000001155 [66.7%]; E100000001235 [33.3%],584.0,operating,1979.0,,2042.0,subcritical,subbituminous,,fossil gas: natural gas,G100001017973,,Rock Springs,Sweetwater,,Wyoming,Northern America,Americas,41.738081,-108.786556,exact,,,,,,,,not found,46,0.55,10877.5,96100,3.10332223532991,17,52.75647800060847
July 2025,G100000105317,L100000104272,United States,https://www.gem.wiki/John_Madgett_Station,John Madgett Station,Unit 1,J. P. Madgett Station,,Dairyland Power Cooperative [100%],E100000002769 [100%],Touchstone Energy Cooperative Inc [100.0%],E100000001311 [100.0%],387.0,operating,1979.0,,,subcritical,subbituminous,,,,,Alma,Buffalo,,Wisconsin,Northern America,Americas,44.304994,-91.9117,exact,,,,,,,,,46,0.55,11747.7,96100,2.22100096143577,5,11.10500480717885
July 2025,G100000109554,L100000104029,United States,https://www.gem.wiki/John_Twitty_Energy_Center,John Twitty Energy Center,Unit 2,Southwest Power Station,,City Utilities of Springfield - (MO) [100%],E100000002199 [100%],City Utilities of Springfield - (MO) [100.0%],E100000002199 [100.0%],300.0,operating,2011.0,,2051.0,subcritical,subbituminous,,,,,Springfield,Greene,,Missouri,Northern America,Americas,37.150882,-93.389741,exact,,,,,,,,,14,0.55,10442.4,96100,1.53040548591612,26,39.79054263381913
July 2025,G100000105322,L100000103795,United States,https://www.gem.wiki/John_W._Turk_Jr._Power_Plant,John W. Turk Jr. Power Plant,Unit 1,Hempstead power station,,Southwestern Electric Power Co [73%]; Oklahoma Municipal Power Authority [6%]; Arkansas Electric Cooperative Corp [11%]; East Texas Electric Cooperative Inc [8%],E100000002176 [11%]; E100000002298 [6%]; E100000004084 [73%]; E100000002244 [8%],American Electric Power Company Inc [73.3%]; Arkansas Electric Cooperative Corp [11.7%]; East Texas Electric Cooperative Inc [8.3%]; Oklahoma Municipal Power Authority [6.7%],E100000001140 [73.3%]; E100000002176 [11.7%]; E100000002244 [8.3%]; E100000002298 [6.7%],609.0,operating,2012.0,,,ultra-supercritical,subbituminous,,,,,Fulton,Hempstead,,Arkansas,Northern America,Americas,33.65117,-93.811666,exact,,,,,,,,,13,0.55,9099.2,96100,2.70710709825513,22,59.55635616161285
July 2025,G100000105688,L100000104148,United States,https://www.gem.wiki/Keystone_Generating_Station,Keystone Generating Station,Unit 2,,,Chief Keystone Power II LLC [22%]; Chief Keystone Power LLC [44%]; Keystone Power Pass-Through Holders LLC [16%]; unknown [3%]; Montour LLC [12%],E100001001231 [44%]; E100001001357 [12%]; E100001001336 [16%]; E100001001230 [22%]; E100000132388 [3%],Chief Keystone Power LLC [44.4%]; Keystone Power Pass-Through Holders LLC [16.7%]; unknown [3.7%]; ArcLight Capital Holdings LLC; Talen Energy Corp,E100001001231 [44.4%]; E100001001336 [16.7%]; E100000132388 [3.7%]; E100001010205; E100000002328,936.0,operating,1968.0,,2028.0,supercritical,bituminous,,,,,Shelocta,Armstrong,,Pennsylvania,Northern America,Americas,40.660581,-79.340897,exact,,,,,,,,,57,0.55,10511.25,94600,4.73132626144893,3,14.19397878434679
July 2025,G100000105748,L100000103867,United States,https://www.gem.wiki/Kincaid_Generating_Station,Kincaid Generating Station,Unit 2,,,Kincaid Generation LLC [100%],E100001001276 [100%],Vistra Corp,E100000001322,659.5,operating,1968.0,,2027.0,subcritical,bituminous,,,,,Kincaid,Christian,,Illinois,Northern America,Americas,39.590881,-89.496789,exact,,,,,,,,,57,0.55,10877.5,94600,3.449821104288611,2,6.899642208577222
July 2025,G100000105766,L100000104190,United States,https://www.gem.wiki/Kingston_Fossil_Plant,Kingston Fossil Plant,Unit 6,,,Tennessee Valley Authority [100%],E100000002329 [100%],Tennessee Valley Authority [100.0%],E100000002329 [100.0%],200.0,operating,1955.0,,2027.0,subcritical,bituminous,,,,,Kingston,Roane,,Tennessee,Northern America,Americas,35.898858,-84.51985,exact,,,,,,,,,70,0.55,12617.9,94600,1.21358376981798,2,2.427167539635961
July 2025,G100000106061,L100000104111,United States,https://www.gem.wiki/Kyger_Creek_Station,Kyger Creek Station,Unit 2,,,Ohio Valley Electric Corp [100%],E100001000625 [100%],American Electric Power Company Inc [100.0%],E100000001140 [100.0%],217.2,operating,1955.0,,,subcritical,bituminous,,,,,Cheshire,Gallia,,Ohio,Northern America,Americas,38.916236,-82.127689,exact,,,,,,,,,70,0.55,12617.9,94600,1.317951974022326,5,6.589759870111632
July 2025,G100000106069,L100000103923,United States,https://www.gem.wiki/La_Cygne_Generating_Station,La Cygne Generating Station,Unit 1,,,Evergy Kansas South Inc [50%]; Evergy Metro Inc [50%],E100000003003 [50%]; E100000003004 [50%],Evergy Inc [100.0%],E100000001210 [100.0%],893.0,operating,1973.0,,2032.0,supercritical,subbituminous,,,,,La Cygne,Linn,,Kansas,Northern America,Americas,38.348047,-94.645681,exact,,,,,,,,,52,0.55,10511.25,96100,4.585542874819769,7,32.09880012373839
July 2025,G100000106083,L100000104020,United States,https://www.gem.wiki/Labadie_power_station,Labadie power station,Unit 4,,,Union Electric Co [100%],E100000004265 [100%],Ameren Corp [100.0%],E100000001139 [100.0%],621.0,operating,1973.0,,2042.0,subcritical,subbituminous,,,,,Labadie,Franklin,,Missouri,Northern America,Americas,38.561944,-90.837819,exact,,,,,,,,,52,0.55,10877.5,96100,3.299936829006634,17,56.09892609311277
July 2025,G100000106180,L100000104284,United States,https://www.gem.wiki/Laramie_River_Station,Laramie River Station,Unit 2,,,Basin Electric Power Cooperative [55%]; unknown [4%]; Tri-State Generation and Transmission Association Inc [40%],E100000132388 [4%]; E100000004244 [40%]; E100000002183 [55%],Basin Electric Power Cooperative [55.0%]; Tri-State Generation and Transmission Association Inc [40.4%]; unknown [4.6%],E100000002183 [55.0%]; E100000004244 [40.4%]; E100000132388 [4.6%],570.0,operating,1981.0,,,subcritical,subbituminous,,,,,Wheatland,Platte,,Wyoming,Northern America,Americas,42.109056,-104.880772,exact,,,,,,,,,44,0.55,10877.5,96100,3.028927524208987,5,15.14463762104494
July 2025,G100000106196,L100000103924,United States,https://www.gem.wiki/Lawrence_Energy_Center_(Kansas),Lawrence Energy Center (Kansas),"Unit 5, timepoint 1",Lawrence Energy Center,,Evergy Kansas Central Inc [100%],E100000003002 [100%],Evergy Inc [100.0%],E100000001210 [100.0%],403.0,operating,1971.0,,2028.0,subcritical,subbituminous,,fossil gas: natural gas,G100001017857,,Lawrence,Douglas,,Kansas,Northern America,Americas,39.00845,-95.269736,exact,,,,,,,,no,54,0.55,11747.7,96100,2.312825290590737,3,6.93847587177221
July 2025,G100000106237,L100000104093,United States,https://www.gem.wiki/Leland_Olds_Station,Leland Olds Station,Unit 2,,,Basin Electric Power Cooperative [100%],E100000002183 [100%],Basin Electric Power Cooperative [100.0%],E100000002183 [100.0%],440.0,operating,1975.0,,,subcritical,lignite,,,,,Stanton,Mercer,,North Dakota,Northern America,Americas,47.28105,-101.320469,exact,,,,,,,,,50,0.55,11747.7,101000,2.65392376928118,5,13.2696188464059
July 2025,G100000106300,L100000104203,United States,https://www.gem.wiki/Limestone_Generating_Station,Limestone Generating Station,Unit 2,,,NRG Texas Power LLC [100%],E100000003614 [100%],NRG Energy Inc [100.0%],E100000001262 [100.0%],957.0,operating,1986.0,,,subcritical,lignite,,,,,Farrar,Limestone,,Texas,Northern America,Americas,31.4230278,-96.2531083,exact,,,,,,,,,39,0.55,10877.5,101000,5.344707590913488,5,26.72353795456744
July 2025,G100000106390,L100000104039,United States,https://www.gem.wiki/Lon_Wright_Power_Plant,Lon Wright Power Plant,Unit 8,,,City of Fremont (Nebraska) [100%],E100000139374 [100%],City of Fremont (Nebraska) [100.0%],E100000139374 [100.0%],91.5,operating,1977.0,,,subcritical,subbituminous,,,,,Fremont,Dodge,,Nebraska,Northern America,Americas,41.427806,-96.462192,exact,,,,,,,,,48,0.55,12617.9,96100,0.5640181884553368,5,2.820090942276684
July 2025,G100000106423,L100000104255,United States,https://www.gem.wiki/Longview_Plant,Longview Plant,Unit 1,"Longview II (gas-fired plant), Longview I (coal-fire plant)",,Mountain State Energy Holdings LLC [100%],E100001001359 [100%],LONGVIEW INTERMEDIATE HOLDINGS C LLC [100.0%],E100001001340 [100.0%],808.0,operating,2011.0,,2034.0,supercritical,bituminous,,,,,Maidsville,Monongalia,,West Virginia,Northern America,Americas,39.707799,-79.958217,exact,,,,,,,,,14,0.55,9249.900000000001,94600,3.594190411261376,9,32.34771370135239
July 2025,G100000106428,L100000103913,United States,https://www.gem.wiki/Louisa_Generating_Station,Louisa Generating Station,Unit 1,,,unknown [12%]; MidAmerican Energy Co [88%],E100000132388 [12%]; E100000003563 [88%],Berkshire Hathaway Inc [88.0%]; unknown [12.0%],E100000001155 [88.0%]; E100000132388 [12.0%],811.9,operating,1983.0,,,subcritical,subbituminous,,,,,Fruitland,Louisa,,Iowa,Northern America,Americas,41.318022,-91.093339,exact,,,,,,,,,42,0.55,10877.5,96100,4.314361854219785,5,21.57180927109892
July 2025,G100000110409,L100000104217,United States,https://www.gem.wiki/Major_Oak_power_station,Major Oak power station,Unit 2,Twin Oaks power station,,Major Oak Power LLC [100%],E100001001054 [100%],Blackstone Group LP,E100001011401,174.6,operating,1991.0,,,subcritical,lignite,,,,,Hammond,Robertson,,Texas,Northern America,Americas,31.093083,-96.696192,exact,,,,,,,,,34,0.55,12617.9,101000,1.1311344792406,1,1.1311344792406
July 2025,G100000106699,L100000104082,United States,https://www.gem.wiki/Marshall_Steam_Station,Marshall Steam Station,Unit 4,,,Duke Energy Carolinas LLC [100%],E100000002838 [100%],Duke Energy Corp [100.0%],E100000001194 [100.0%],648.0,operating,1970.0,,2031.0,supercritical,bituminous,,,,fossil gas,Terrell,Catawba,,North Carolina,Northern America,Americas,35.597872,-80.961244,exact,,,,,,,,,55,0.55,10511.25,94600,3.27553356561849,6,19.65320139371094
July 2025,G100000106705,L100000104204,United States,https://www.gem.wiki/Martin_Lake_Steam_Station,Martin Lake Steam Station,Unit 3,,,Luminant Generation Company LLC [100%],E100000003498 [100%],Vistra Corp [100.0%],E100000001322 [100.0%],793.2,operating,1979.0,,,supercritical,lignite,,,,,Tatum,Rusk,,Texas,Northern America,Americas,32.259758,-94.570514,exact,,,,,,,,,46,0.55,10511.25,101000,4.280751240589148,5,21.40375620294574
July 2025,G100000106764,L100000104083,United States,https://www.gem.wiki/Mayo_Generating_Plant,Mayo Generating Plant,Unit 1,,,Duke Energy Progress LLC [100%],E100000002842 [100%],Duke Energy Corp [100.0%],E100000001194 [100.0%],735.8,operating,1983.0,,2030.0,subcritical,bituminous,,,,,Bethel Hill,Person,,North Carolina,Northern America,Americas,36.5278,-78.891869,exact,,,,,,,,,42,0.55,10877.5,94600,3.848943697552024,5,19.24471848776012
July 2025,G100000106881,L100000103891,United States,https://www.gem.wiki/Merom_Generating_Station,Merom Generating Station,Unit 2,,,Hallador Power Company LLC [100%],E100001001309 [100%],Hoosier Energy Rural Electric Cooperative Inc,E100000002265,540.0,operating,1983.0,,,subcritical,bituminous,,,,,Sullivan,Sullivan,,Indiana,Northern America,Americas,39.069706,-87.511392,exact,,,,,,,,,42,0.55,10877.5,94600,2.82472084354185,5,14.12360421770925
July 2025,G100000106883,L100000104049,United States,https://www.gem.wiki/Merrimack_Station,Merrimack Station,Unit 2,,,Granite Shore Power LLC [100%],E100000003111 [100%],Atlas Holdings LLC; Energy Trading Innovations LLC,E100000001148; E100001011290,345.6,operating,1968.0,,2028.0,subcritical,bituminous,,,,,Bow,Merrimack,,New Hampshire,Northern America,Americas,43.141094,-71.467511,exact,,,,,,,,,57,0.55,11747.7,94600,1.952447047056127,3,5.857341141168381
July 2025,G100000106904,L100000104113,United States,https://www.gem.wiki/Miami_Fort_Station,Miami Fort Station,Unit 8,,,Miami Fort Power Company LLC [100%],E100001015213 [100%],Vistra Corp [100.0%],E100000001322 [100.0%],557.1,operating,1978.0,,2027.0,subcritical,bituminous,,,,,North Bend,Hamilton,,Ohio,Northern America,Americas,39.113094,-84.802919,exact,,,,,,,,,47,0.55,10877.5,94600,2.914170336920675,2,5.828340673841351
July 2025,G100000106905,L100000103892,United States,https://www.gem.wiki/Michigan_City_Generating_Station,Michigan City Generating Station,Unit 12,,,Northern Indiana Public Service Company LLC [100%],E100000003663 [100%],NiSource Inc [100.0%],E100000001268 [100.0%],540.0,operating,1974.0,,2028.0,supercritical,bituminous,,,,,Michigan City,La Porte,,Indiana,Northern America,Americas,41.722017,-86.909394,exact,,,,,,,,,51,0.55,10511.25,94600,2.729611304682075,3,8.188833914046224
July 2025,G100000106921,L100000103945,United States,https://www.gem.wiki/Mill_Creek_Station,Mill Creek Station,Unit 4,Mill Creek Generating Station,,Louisville Gas & Electric Co [100%],E100000003494 [100%],PPL Corp [100.0%],E100000001278 [100.0%],543.6,operating,1982.0,,2035.0,subcritical,bituminous,,,,,Louisville,Jefferson,,Kentucky,Northern America,Americas,38.052378,-85.909811,exact,,,,,,,,,43,0.55,10877.5,94600,2.843552315832129,10,28.43552315832129
July 2025,G100000106922,L100000103783,United States,https://www.gem.wiki/Miller_Steam_Plant,Miller Steam Plant,Unit 1,James H. Miller Jr. Steam Plant,,PowerSouth Energy Cooperative [8%]; Alabama Power Co [91%],E100000002418 [91%]; E100000002306 [8%],Southern Co [91.8%]; PowerSouth Energy Cooperative [8.2%],E100000001309 [91.8%]; E100000002306 [8.2%],705.5,operating,1978.0,,,subcritical,subbituminous,,,,,West Jefferson,Jefferson,,Alabama,Northern America,Americas,33.633167,-87.059794,exact,,,,,,,,,47,0.55,10877.5,96100,3.748962049700773,5,18.74481024850387
July 2025,G100000106930,L100000104094,United States,https://www.gem.wiki/Milton_R._Young_Station,Milton R. Young Station,Unit 2,,,Square Butte Electrical Cooperative Inc [100%],E100001001416 [100%],Square Butte Electrical Cooperative Inc [100.0%],E100001001416 [100.0%],495.0,operating,1977.0,,,subcritical,lignite,,,,,Center,Oliver,,North Dakota,Northern America,Americas,47.066106,-101.214564,exact,,,,,,,,,48,0.55,10877.5,101000,2.764503926334562,5,13.82251963167281
July 2025,G100000106956,L100000104256,United States,https://www.gem.wiki/Mitchell_Plant,Mitchell Plant,Unit 2,,,Kentucky Power Co [50%]; Wheeling Power Co [50%],E100000003413 [50%]; E100001001444 [50%],American Electric Power Company Inc [100.0%],E100000001140 [100.0%],816.3,operating,1971.0,,2040.0,supercritical,bituminous,,,,,Moundsville,Marshall,,West Virginia,Northern America,Americas,39.838189,-80.818103,exact,,,,,,,,,54,0.55,10511.25,94600,4.126262422244404,15,61.89393633366605
July 2025,G100000106998,L100000103985,United States,https://www.gem.wiki/Monroe_Power_Plant,Monroe Power Plant,Unit 2,,,DTE Electric Co [100%],E100000002239 [100%],DTE Energy Co,E100002004748,822.6,operating,1973.0,,2032.0,supercritical,bituminous,,,,,Monroe,Monroe,,Michigan,Northern America,Americas,41.890389,-83.344978,exact,,,,,,,,,52,0.55,10511.25,94600,4.158107887465695,7,29.10675521225986
July 2025,G100000107057,L100000104258,United States,https://www.gem.wiki/Mount_Storm_power_station,Mount Storm power station,Unit 1,,,Virginia Electric and Power Co [100%],E100000004306 [100%],Dominion Energy Inc [100.0%],E100000001193 [100.0%],570.2,operating,1965.0,,,subcritical,bituminous,,,,,Mount Storm,Grant,,West Virginia,Northern America,Americas,39.200531,-79.264722,exact,,,,,,,,,60,0.55,10877.5,94600,2.982695972199191,5,14.91347986099596
July 2025,G100000107061,L100000104259,United States,https://www.gem.wiki/Mountaineer_Plant,Mountaineer Plant,Unit 1,,,Appalachian Power Co [100%],E100000002449 [100%],American Electric Power Company Inc [100.0%],E100000001140 [100.0%],1300.0,operating,1980.0,,,supercritical,bituminous,,,,,New Haven,Mason,,West Virginia,Northern America,Americas,38.9792,-81.939805,exact,,,,,,,,,45,0.55,10511.25,94600,6.571286474234625,5,32.85643237117312
July 2025,G100000107122,L100000103915,United States,https://www.gem.wiki/Muscatine_Generating_Station,Muscatine Generating Station,Unit 9,,,Board of Water Electric & Communications [100%],E100001001213 [100%],Board of Water Electric & Communications [100.0%],E100001001213 [100.0%],175.0,operating,1983.0,,,subcritical,subbituminous,,,,,Muscatine,Muscatine,,Iowa,Northern America,Americas,41.389303,-91.0578,exact,,,,,,,,,42,0.55,12617.9,96100,1.078723311253377,5,5.393616556266883
July 2025,G100000107130,L100000104124,United States,https://www.gem.wiki/Muskogee_Generating_Station,Muskogee Generating Station,Unit 6,,,Oklahoma Gas and Electric Co [100%],E100000003695 [100%],OGE Energy Corp [100.0%],E100000001269 [100.0%],572.4,operating,1984.0,,2049.0,subcritical,subbituminous,,,,,Fort Gibson,Muskogee,,Oklahoma,Northern America,Americas,35.761922,-95.287878,exact,,,,,,,,,41,0.55,10877.5,96100,3.041680903258289,24,73.00034167819892
July 2025,G100000107313,L100000104285,United States,https://www.gem.wiki/Naughton_Power_Plant,Naughton Power Plant,"Unit 2, timepoint 1",,,PacifiCorp [100%],E100000003765 [100%],Berkshire Hathaway Inc [100.0%],E100000001155 [100.0%],256.0,operating,1968.0,,2026.0,subcritical,subbituminous,,fossil gas: natural gas,G100001028286,,Kemmerer,Lincoln,,Wyoming,Northern America,Americas,41.758886,-110.597031,exact,,,,,,,,,57,0.55,12617.9,96100,1.578018101033511,1,1.578018101033511
July 2025,G100000107340,L100000103925,United States,https://www.gem.wiki/Nearman_Creek_power_station,Nearman Creek power station,Unit 1,,,City of Kansas City (Kansas) [100%],E100000002217 [100%],City of Kansas City (Kansas) [100.0%],E100000002217 [100.0%],261.0,operating,1981.0,,,subcritical,subbituminous,,,,,Kansas City,Wyandotte,,Kansas,Northern America,Americas,39.171067,-94.697189,exact,,,,,,,,,44,0.55,12617.9,96100,1.608838767069322,5,8.044193835346608
July 2025,G100000107342,L100000104040,United States,https://www.gem.wiki/Nebraska_City_Station,Nebraska City Station,Unit 2,,,Omaha Public Power District [100%],E100000002300 [100%],Omaha Public Power District [100.0%],E100000002300 [100.0%],738.0,operating,2009.0,,,subcritical,subbituminous,,,,,Nebraska City,Otoe,,Nebraska,Northern America,Americas,40.620706,-95.773386,exact,,,,,,,,,16,0.55,9572.2,96100,3.451064370740851,19,65.57022304407616
July 2025,G100000107352,L100000104286,United States,https://www.gem.wiki/Neil_Simpson_Power_Plants,Neil Simpson Power Plants,"Plant II, timepoint 1",,,Black Hills Power Inc [100%],E100000002544 [100%],Black Hills Corp [100.0%],E100000001157 [100.0%],90.0,operating,1995.0,,,subcritical/CCS,subbituminous with CCS,,fossil gas: natural gas,G100001017896,,Wyodak,Campbell,,Wyoming,Northern America,Americas,44.287911,-105.383969,exact,,,,,,,,no,30,0.55,19899.8,9610,0.08749357357111473,5,0.4374678678555737
July 2025,G100000107378,L100000104024,United States,https://www.gem.wiki/New_Madrid_Power_Plant,New Madrid Power Plant,Unit 1,,,Associated Electric Cooperative Inc [100%],E100000002178 [100%],Central Electric Power Cooperative Inc; KAMO Electric Cooperative Inc; M&A Electric Power Cooperative; N.W. Electric Power Cooperative Inc; Northeast Missouri Electric Power Cooperative Inc; Sho-Me Power Electric Cooperative,E100001001073; E100002000074; E100002000075; E100002000077; E100002000076; E100002000078,650.0,operating,1972.0,,,subcritical,subbituminous,,,,,New Madrid,New Madrid,,Missouri,Northern America,Americas,36.51475,-89.561761,exact,,,,,,,,,53,0.55,10877.5,96100,3.454040159185687,5,17.27020079592844
July 2025,G100000107384,L100000103870,United States,https://www.gem.wiki/Newton_power_station,Newton power station,Unit 1,,,Illinois Power Generating Co [100%],E100000003296 [100%],Vistra Corp [100.0%],E100000001322 [100.0%],617.4,operating,1977.0,,2027.0,subcritical,subbituminous,,,,,Newton,Jasper,,Illinois,Northern America,Americas,38.93645,-88.277008,exact,,,,,,,,,48,0.55,10877.5,96100,3.280806760432682,2,6.561613520865365
July 2025,G100000107513,L100000104041,United States,https://www.gem.wiki/North_Omaha_Station,North Omaha Station,"Unit 5, timepoint 1",,,Omaha Public Power District [100%],E100000002300 [100%],Omaha Public Power District [100.0%],E100000002300 [100.0%],217.6,operating,1968.0,,2026.0,subcritical,subbituminous,,fossil gas: natural gas,G100001017879,,Omaha,Douglas,,Nebraska,Northern America,Americas,41.329614,-95.946489,exact,,,,,,,,no,57,0.55,12617.9,96100,1.341315385878484,1,1.341315385878484
July 2025,G100000107517,L100000104045,United States,https://www.gem.wiki/North_Valmy_Station,North Valmy Station,"Unit 2, timepoint 1",,,Sierra Pacific Power Co [50%]; Idaho Power Co [50%],E100000004048 [50%]; E100000003294 [50%],Berkshire Hathaway Inc [50.0%]; IDACORP Inc [50.0%],E100000001155 [50.0%]; E100000001235 [50.0%],289.8,operating,1985.0,,2025.0,subcritical,bituminous,,fossil gas: natural gas,G100001028203,,Valmy,Humboldt,,Nevada,Northern America,Americas,40.881736,-117.152272,exact,,,,,,,,,40,0.55,12617.9,94600,1.758482882466253,1,1.758482882466253
July 2025,G100000107519,L100000104126,United States,https://www.gem.wiki/Northeastern_Station,Northeastern Station,"Unit 3, timepoint 1",,,Public Service Company of Oklahoma [100%],E100001000627 [100%],American Electric Power Company Inc [100.0%],E100000001140 [100.0%],473.0,operating,1979.0,,2026.0,supercritical,subbituminous,,fossil gas: natural gas,G100001055294,,Oologah,Rogers,,Oklahoma,Northern America,Americas,36.426261,-95.699428,exact,,,,,,,,,46,0.55,10511.25,96100,2.428848577592106,1,2.428848577592106
July 2025,G100000107524,L100000103830,United States,https://www.gem.wiki/Northside_Generating_Station,Northside Generating Station,Unit 2,,,JEA [100%],E100000001243 [100%],JEA [100.0%],E100000001243 [100.0%],297.5,operating,2002.0,,,subcritical,unknown,,,,,Jacksonville,Duval,,Florida,Northern America,Americas,30.419072,-81.554947,exact,,,,,,,,,23,0.55,12182.8,96100,1.770594124677956,12,21.24712949613547
July 2025,G100000107595,L100000104206,United States,https://www.gem.wiki/Oak_Grove_Plant,Oak Grove Plant,Unit 1,,,Luminant Generation Company LLC [100%],E100000003498 [100%],Vistra Corp [100.0%],E100000001322 [100.0%],916.8,operating,2010.0,,,supercritical,lignite,,,,,Franklin,Robertson,,Texas,Northern America,Americas,31.1812611,-96.4889611,exact,,,,,,,,,15,0.55,9249.900000000001,101000,4.354061534149616,20,87.08123068299231
July 2025,G100000107710,L100000103916,United States,https://www.gem.wiki/Ottumwa_Generating_Station,Ottumwa Generating Station,Unit 1,,,MidAmerican Energy Co [52%]; Interstate Power and Light Co [48%],E100000003563 [52%]; E100000003319 [48%],Berkshire Hathaway Inc [52.0%]; Alliant Energy Corp [48.0%],E100000001155 [52.0%]; E100000001135 [48.0%],725.9,operating,1981.0,,,subcritical,subbituminous,,,,,Ottumwa,Wapello,,Iowa,Northern America,Americas,41.097728,-92.554939,exact,,,,,,,,,44,0.55,10877.5,96100,3.857365771619832,5,19.28682885809916
July 2025,G100000107830,L100000104208,United States,https://www.gem.wiki/Parish_Generating_Station,Parish Generating Station,Unit 5,"Washington A. Parish Generating Station, Site of the Petra Nova Carbon Capture and Storage (CCS) project (Unit 8)",,NRG Texas Power LLC [100%],E100000003614 [100%],NRG Energy Inc [100.0%],E100000001262 [100.0%],734.1,operating,1977.0,,,subcritical,subbituminous,,,,,Thompsons,Fort Bend,,Texas,Northern America,Americas,29.477075,-95.634892,exact,,,,,,,,,48,0.55,10877.5,96100,3.900939816704944,5,19.50469908352472
July 2025,G100000107900,L100000103812,United States,https://www.gem.wiki/Pawnee_Station,Pawnee Station,"Unit 1, timepoint 1",,,Public Service Company of Colorado [100%],E100000003845 [100%],Xcel Energy Inc [100.0%],E100000001329 [100.0%],552.3,operating,1981.0,,2025.0,subcritical,subbituminous,,fossil gas: natural gas,G100001017865,,Brush,Morgan,,Colorado,Northern America,Americas,40.220197,-103.679472,exact,,,,,,,,no,44,0.55,10877.5,96100,2.934871353720392,1,2.934871353720392
July 2025,G100000107942,L100000103893,United States,https://www.gem.wiki/Petersburg_Generating_Station,Petersburg Generating Station,"Unit 3, timepoint 1",Petersburg IPL power station,,Indianapolis Power & Light Co [100%],E100000003304 [100%],AES Corp [100.0%],E100000001305 [100.0%],670.9,operating,1977.0,,2026.0,subcritical,bituminous,,fossil gas: natural gas,G100001027801,,Petersburg,Pike,,Indiana,Northern America,Americas,38.528267,-87.252886,exact,,,,,,,,,48,0.55,10877.5,94600,3.509454099874495,1,3.509454099874495
July 2025,G100000108026,L100000103845,United States,https://www.gem.wiki/Plant_Bowen,Plant Bowen,Unit 4,,,Georgia Power Co [100%],E100000003093 [100%],Southern Co [100.0%],E100000001309 [100.0%],952.0,operating,1975.0,,2038.0,supercritical,bituminous,,,,,Taylorsville,Bartow,,Georgia,Northern America,Americas,34.126022,-84.92075,exact,,,,,,,,,50,0.55,10511.25,94600,4.812203633439511,13,62.55864723471364
July 2025,G100000108027,L100000104042,United States,https://www.gem.wiki/Platte_Generating_Station,Platte Generating Station,Unit 1,,,City of Grand Island (Nebraska) [100%],E100000002212 [100%],City of Grand Island (Nebraska) [100.0%],E100000002212 [100.0%],109.8,operating,1982.0,,,subcritical,subbituminous,,,,,Grand Island,Hall,,Nebraska,Northern America,Americas,40.853758,-98.348208,exact,,,,,,,,,43,0.55,12617.9,96100,0.6768218261464043,5,3.384109130732021
July 2025,G100000108034,L100000104262,United States,https://www.gem.wiki/Pleasants_power_station,Pleasants power station,Unit 1,Quantum Pleasants,,Omnis Fuel Technologies LLC [100%],E100001011307 [100%],Hodson Investments LLC,E100001011858,684.0,operating,1979.0,,,supercritical,bituminous,,,,,Willow Island,Pleasants,,West Virginia,Northern America,Americas,39.367358,-81.295733,exact,,,,,,,,,46,0.55,10511.25,94600,3.457507652597295,5,17.28753826298647
July 2025,G100000108046,L100000103796,United States,https://www.gem.wiki/Plum_Point_Energy_Station,Plum Point Energy Station,Unit 1,,,Plum Point Energy Associates LLC [56%]; Empire District Electric Co [7%]; East Texas Electric Cooperative Inc [7%]; Municipal Energy Agency of MS [6%]; Missouri Joint Municipal Power Electric [22%],E100000150460 [7%]; E100001001382 [56%]; E100000002244 [7%]; E100001001360 [6%]; E100001001355 [22%],unknown [23.0%]; Missouri Joint Municipal Power Electric [22.1%]; East Texas Electric Cooperative Inc [7.5%]; Municipal Energy Agency of MS [6.0%]; Algonquin Power & Utilities Corp; Lotus HS Holdings LLC; Starwood Capital Group Management LLC,E100000132388 [23.0%]; E100001001355 [22.1%]; E100000002244 [7.5%]; E100001001360 [6.0%]; E100000001133; E100002001077; E100002001076,720.0,operating,2010.0,,,subcritical,subbituminous,,,,,Osceola,,,Arkansas,Northern America,Americas,35.663015,-89.946806,exact,,,,,,,,,15,0.55,9572.2,96100,3.366892069015465,20,67.3378413803093
July 2025,G100000108122,L100000103871,United States,https://www.gem.wiki/Powerton_Generating_Station,Powerton Generating Station,Unit 6,,,Midwest Generation EME LLC [100%],E100001001353 [100%],NRG Energy Inc [100.0%],E100000001262 [100.0%],892.8,operating,1975.0,,2028.0,subcritical,subbituminous,,,,,Pekin,Tazewell,,Illinois,Northern America,Americas,40.540667,-89.678656,exact,,,,,,,,,50,0.55,10877.5,96100,4.744257006339972,3,14.23277101901992
July 2025,G100000108128,L100000103917,United States,https://www.gem.wiki/Prairie_Creek_Generating_Station,Prairie Creek Generating Station,Unit 3,,,Interstate Power and Light Co [100%],E100000003319 [100%],Alliant Energy Corp [100.0%],E100000001135 [100.0%],50.0,operating,1958.0,,2025.0,subcritical,bituminous,,,,,Cedar Rapids,Linn,,Iowa,Northern America,Americas,41.943667,-91.638692,exact,,,,,,,,yes,67,0.55,12617.9,94600,0.3033959424544951,1,0.3033959424544951
July 2025,G100000108131,L100000103872,United States,https://www.gem.wiki/Prairie_State_Energy_Campus,Prairie State Energy Campus,Unit 2,,,Missouri Joint Municipal Electric Utility Commission [12%]; Lively Grove Energy Partners LLC [5%]; Southern Illinois Power Cooperative Inc [7%]; Northern Illinois Municipal Power Agency [7%]; Illinois Municipal Elec Agency [15%]; Kentucky Municipal Power Agency [7%]; Prairie Power Inc [8%]; American Municipal Power Inc [23%]; Indiana Municipal Power Agency [12%],E100000002268 [12%]; E100000001141 [23%]; E100001001343 [5%]; E100000002322 [7%]; E100001001334 [7%]; E100001001370 [7%]; E100000001258 [12%]; E100001001324 [15%]; E100001001384 [8%],Illinois Municipal Elec Agency [15.2%]; Indiana Municipal Power Agency [12.6%]; Missouri Joint Municipal Electric Utility Commission [12.3%]; Prairie Power Inc [8.2%]; Kentucky Municipal Power Agency [7.8%]; Northern Illinois Municipal Power Agency [7.6%]; Clay Electric Co-operative Inc; Clinton County Electric Cooperative Inc; Egyptian Electric Cooperative Association; Monroe County Electric Co-Operative Inc; Peabody Energy Corp; small shareholder(s); SouthEastern Illinois Electric Cooperative Inc; Southern Illinois Electric Cooperative; Tri-County Electric Cooperative Inc,E100001001324 [15.2%]; E100000002268 [12.6%]; E100000001258 [12.3%]; E100001001384 [8.2%]; E100001001334 [7.8%]; E100001001370 [7.6%]; E100002000196; E100002000190; E100002000191; E100002000192; E100001000402; E100001015587; E100002000193; E100002000194; E100002000195,883.0,operating,2012.0,,,supercritical,bituminous,Lively Grove Mine,,,,Marissa,St. Clair,,Illinois,Northern America,Americas,38.278252,-89.668569,exact,,,,,,,,,13,0.55,9249.900000000001,94600,3.927809570722519,22,86.41181055589541
July 2025,G100000108491,L100000103813,United States,https://www.gem.wiki/Rawhide_Energy_Station,Rawhide Energy Station,Unit 1,,,Platte River Power Authority [100%],E100000002303 [100%],Platte River Power Authority [100.0%],E100000002303 [100.0%],293.6,operating,1984.0,,2029.0,subcritical,subbituminous,,,,,Wellington,Larimer,,Colorado,Northern America,Americas,40.860042,-105.026917,exact,,,,,,,,,41,0.55,12617.9,96100,1.809789509622808,4,7.23915803849123
July 2025,G100000108492,L100000103814,United States,https://www.gem.wiki/Ray_Nixon_Power_Plant,Ray Nixon Power Plant,Unit 1,RD Nixon power station,,City of Colorado Springs (Colorado) [100%],E100000002206 [100%],City of Colorado Springs (Colorado) [100.0%],E100000002206 [100.0%],207.0,operating,1980.0,,2030.0,subcritical,bituminous,,,,,Fountain,El Paso,,Colorado,Northern America,Americas,38.633447,-104.707803,exact,,,,,,,,,45,0.55,12617.9,94600,1.256059201761609,5,6.280296008808048
July 2025,G100000108505,L100000104012,United States,https://www.gem.wiki/Red_Hills_Generation_Facility,Red Hills Generation Facility,Unit 1,,,S E Choctaw LLC [100%],E100001001400 [100%],Southern Co [100.0%],E100000001309 [100.0%],513.7,operating,2001.0,,,subcritical,lignite,,,,,Red Hills,Choctaw,,Mississippi,Northern America,Americas,33.376153,-89.218469,exact,,,,,,,,,24,0.55,10442.4,101000,2.754183111676247,11,30.29601422843872
July 2025,G100000100059,L100000104121,United States,https://www.gem.wiki/River_Valley_power_station,River Valley power station,Unit 1,Shady Point Generation Plant,,Oklahoma Gas and Electric Co [100%],E100000003695 [100%],OGE Energy Corp [100.0%],E100000001269 [100.0%],175.0,operating,1990.0,,,subcritical,bituminous,,,,,Poteau,Leflore,,Oklahoma,Northern America,Americas,35.191944,-94.6425,exact,,,,,,,,,35,0.55,12617.9,94600,1.061885798590733,5,5.309428992953665
July 2025,G100000108608,L100000103895,United States,https://www.gem.wiki/Rockport_Plant,Rockport Plant,Unit 2,,,AEP Generating Co [35%]; Kentucky Power Co [15%]; Indiana Michigan Power Co [50%],E100001000623 [50%]; E100000003413 [15%]; E100001000622 [35%],American Electric Power Company Inc [50.0%]; Commercial Development Company Inc,E100000001140 [50.0%]; E100001001259,1300.0,operating,1989.0,,2028.0,supercritical,subbituminous,,,,,Rockport,Spencer,,Indiana,Northern America,Americas,37.925708,-87.037083,exact,,,,,,,,,36,0.55,10511.25,96100,6.675482348561812,3,20.02644704568544
July 2025,G100000108653,L100000104086,United States,https://www.gem.wiki/Roxboro_Steam_Plant,Roxboro Steam Plant,Unit 4,Person County Energy Complex,,North Carolina Electric Membership Corp; Duke Energy Progress LLC [100%],E100000002842 [100%]; E100000002293,Duke Energy Corp [100.0%]; North Carolina Electric Membership Corp,E100000001194 [100.0%]; E100000002293,745.2,operating,1980.0,,2028.0,subcritical,bituminous,,,,,Roxboro,Person,,North Carolina,Northern America,Americas,36.484086,-79.072225,exact,,,,,,,,,45,0.55,10877.5,94600,3.898114764087754,3,11.69434429226326
July 2025,G100000108654,L100000103958,United States,https://www.gem.wiki/Roy_S._Nelson_Generating_Plant,Roy S. Nelson Generating Plant,Unit 6,,,Entergy Louisiana LLC [40%]; East Texas Electric Cooperative Inc [9%]; Sam Rayburn G&T Electric Cooperative Inc [10%]; Entergy Texas Inc [29%]; EAM Nelson Holding LLC [10%],E100000002991 [29%]; E100001001403 [10%]; E100000002988 [40%]; E100000002244 [9%]; E100001001279 [10%],Entergy Corp [70.0%]; Sam Rayburn G&T Electric Cooperative Inc [10.0%]; East Texas Electric Cooperative Inc [9.1%],E100000001209 [70.0%]; E100001001403 [10.0%]; E100000002244 [9.1%],614.6,operating,1982.0,,2028.0,subcritical,subbituminous,,,,,Westlake,Calcasieu,,Louisiana,Northern America,Americas,30.284383,-93.288861,exact,,,,,,,,,43,0.55,10877.5,96100,3.265927818208498,3,9.797783454625494
July 2025,G100000108782,L100000104211,United States,https://www.gem.wiki/San_Miguel_Electric_Cooperative,San Miguel Electric Cooperative,Unit 1,SMECI,,San Miguel Electric Cooperative Inc [100%],E100001001063 [100%],San Miguel Electric Cooperative Inc [100.0%],E100001001063 [100.0%],410.0,operating,1982.0,,2027.0,subcritical,lignite,,,,,Jourdanton,Atascosa,,Texas,Northern America,Americas,28.704397,-98.477428,exact,,,,,,,,,43,0.55,11747.7,101000,2.472974421375645,2,4.945948842751291
July 2025,G100000108788,L100000104213,United States,https://www.gem.wiki/Sandy_Creek_Plant,Sandy Creek Plant,Unit 1,,,Sandy Creek Energy Associates LP [63%]; Riesel HoldCo LLC [25%]; Lower Colorado River Authority [11%],E100000002279 [11%]; E100001001396 [25%]; E100001001404 [63%],Dynegy Inc [31.9%]; Lower Colorado River Authority [11.1%]; National Rural Utilities Cooperative Finance Corporation Corp [1.8%]; LS Power Development LLC,E100000001196 [31.9%]; E100000002279 [11.1%]; E100001011447 [1.8%]; E100000001248,1008.0,operating,2013.0,,,supercritical,subbituminous,,,,,Riesel,McLennan,,Texas,Northern America,Americas,31.47506,-96.95735,exact,,,,,,,,,12,0.55,9249.900000000001,96100,4.554938355744825,23,104.763582182131
July 2025,G100000108867,L100000103896,United States,https://www.gem.wiki/Schahfer_Generating_Station,Schahfer Generating Station,Unit 17,Rollin M. Schahfer Generating Station,,Northern Indiana Public Service Company LLC [100%],E100000003663 [100%],NiSource Inc [100.0%],E100000001268 [100.0%],423.5,operating,1983.0,,2025.0,subcritical,bituminous,,,,,Wheatfield,Jasper,,Indiana,Northern America,Americas,41.216194,-87.023761,exact,,,,,,,,,42,0.55,11747.7,94600,2.392538554479947,1,2.392538554479947
July 2025,G100000108871,L100000103847,United States,https://www.gem.wiki/Scherer_Steam_Generating_Station,Scherer Steam Generating Station,Unit 3,,,Florida Power & Light Co [25%]; Georgia Power Co [75%],E100000003093 [75%]; E100000003156 [25%],Southern Co [75.0%]; NextEra Energy Inc [25.0%],E100000001309 [75.0%]; E100000001267 [25.0%],891.0,operating,1987.0,,2038.0,subcritical,subbituminous,"Buckskin Mine (Kiewit), Cordero Rojo Mine (Navajo), Eagle Butte Mine (Eagle Specialty Materials), Caballo Mine (Peabody)",,,,Juliette,Monroe,,Georgia,Northern America,Americas,33.060308,-83.806889,exact,,,,,,,,,38,0.55,10877.5,96100,4.734691972052997,13,61.55099563668896
July 2025,G100000108875,L100000104050,United States,https://www.gem.wiki/Schiller_Station,Schiller Station,Unit 6,,,Granite Shore Power LLC [100%],E100000003111 [100%],Atlas Holdings LLC; Energy Trading Innovations LLC,E100000001148; E100001011290,45.0,operating,1957.0,,2025.0,subcritical,bituminous,,,,,Portsmouth,Rockingham,,New Hampshire,Northern America,Americas,43.096778,-70.784167,exact,,,,,,,,,68,0.55,12617.9,94600,0.2730563482090456,1,0.2730563482090456
July 2025,G100000108915,L100000103833,United States,https://www.gem.wiki/Seminole_Generating_Station,Seminole Generating Station,Unit 2,,,Seminole Electric Cooperative Inc [100%],E100000002318 [100%],Seminole Electric Cooperative Inc [100.0%],E100000002318 [100.0%],717.0,operating,1984.0,,,subcritical,bituminous,,,,,Palatka,Putnam,,Florida,Northern America,Americas,29.733883,-81.6324,exact,,,,,,,,,41,0.55,10877.5,94600,3.750601564480568,5,18.75300782240284
July 2025,G100000108942,L100000104160,United States,https://www.gem.wiki/Seward_Power_Plant,Seward Power Plant,Unit 6,,,Seward Generation LLC [100%],E100001001407 [100%],Robindale Energy Services Inc,E100000132138,585.0,operating,2004.0,,,subcritical,bituminous,,,,,Seward,Indiana,,Pennsylvania,Northern America,Americas,40.407083,-79.034008,exact,,,,,,,,,21,0.55,10442.4,94600,2.937709677283525,14,41.12793548196935
July 2025,G100000109079,L100000103948,United States,https://www.gem.wiki/Shawnee_Fossil_Plant,Shawnee Fossil Plant,Unit 1,,,Tennessee Valley Authority [100%],E100000002329 [100%],Tennessee Valley Authority [100.0%],E100000002329 [100.0%],175.0,operating,1953.0,,2035.0,subcritical,bituminous,,,,,West Paducah,McCracken,,Kentucky,Northern America,Americas,37.152414,-88.776922,exact,,,,,,,,,72,0.55,12617.9,94600,1.061885798590733,10,10.61885798590733
July 2025,G100000109096,L100000104043,United States,https://www.gem.wiki/Sheldon_Station,Sheldon Station,Unit 2,,,Nebraska Public Power District [100%],E100000002289 [100%],Nebraska Public Power District [100.0%],E100000002289 [100.0%],119.9,operating,1965.0,,,subcritical,bituminous,,,,,Hallam,Lancaster,,Nebraska,Northern America,Americas,40.559264,-96.783911,exact,,,,,,,,,60,0.55,12617.9,94600,0.7275434700058792,5,3.637717350029396
July 2025,G100000109234,L100000104003,United States,https://www.gem.wiki/Sherburne_County_Plant,Sherburne County Plant,Unit 3,Sherco,,Xcel Energy Inc [59%]; Southern Minnesota Municipal Power Agency [41%],E100001001413 [41%]; E100000001329 [59%],Xcel Energy Inc [59.0%]; Southern Minnesota Municipal Power Agency [41.0%],E100000001329 [59.0%]; E100001001413 [41.0%],938.7,operating,1987.0,,2030.0,subcritical,subbituminous,,,,,Becker,Sherburne,,Minnesota,Northern America,Americas,45.379811,-93.896694,exact,,,,,,,,,38,0.55,10877.5,96100,4.988165380657854,5,24.94082690328927
July 2025,G100000109381,L100000104027,United States,https://www.gem.wiki/Sikeston_power_station,Sikeston power station,Unit 1,,,City of Sikeston (Missouri) [100%],E100001001249 [100%],City of Sikeston (Missouri) [100.0%],E100001001249 [100.0%],261.0,operating,1981.0,,,subcritical,bituminous,,,,,Sikeston,Scott,,Missouri,Northern America,Americas,36.878936,-89.62055,exact,,,,,,,,,44,0.55,12617.9,94600,1.583726819612465,5,7.918634098062323
July 2025,G100000109389,L100000104004,United States,https://www.gem.wiki/Silver_Bay_Power_Plant,Silver Bay Power Plant,Unit 2,,,Cleveland-Cliffs Inc [100%],E100001000649 [100%],Cleveland-Cliffs Inc [100.0%],E100001000649 [100.0%],81.6,operating,1962.0,,,subcritical,subbituminous,,,,,Silver Bay,Lake,,Minnesota,Northern America,Americas,47.286678,-91.260331,exact,,,,other metals & mining,power,,,yes,63,0.55,12617.9,96100,0.5029932697044315,5,2.514966348522157
July 2025,G100000109448,L100000104028,United States,https://www.gem.wiki/Sioux_Power_Plant,Sioux Power Plant,Unit 1,Sioux Energy Center,,Union Electric Co [100%],E100000004265 [100%],Ameren Corp [100.0%],E100000001139 [100.0%],549.7,operating,1967.0,,2035.0,supercritical,bituminous,,,,,West Alton,St Charles,,Missouri,Northern America,Americas,38.914656,-90.288517,exact,,,,,,,,,58,0.55,10511.25,94600,2.778643211451365,10,27.78643211451364
July 2025,G100000109527,L100000104127,United States,https://www.gem.wiki/Sooner_Generating_Station,Sooner Generating Station,Unit 2,,,Oklahoma Gas and Electric Co [100%],E100000003695 [100%],OGE Energy Corp [100.0%],E100000001269 [100.0%],568.8,operating,1980.0,,,subcritical,subbituminous,,,,,Red Rock,Noble,,Oklahoma,Northern America,Americas,36.454469,-97.052419,exact,,,,,,,,,45,0.55,10877.5,96100,3.022550834684336,5,15.11275417342168
July 2025,G100000109549,L100000104277,United States,https://www.gem.wiki/South_Oak_Creek_Plant,South Oak Creek Plant,Unit 8,Oak Creek Power Plant (OCPP),,Wisconsin Electric Power Co [100%],E100000004336 [100%],WEC Energy Group Inc [100.0%],E100000001324 [100.0%],324.0,operating,1967.0,,2026.0,subcritical,bituminous,,,,,Oak Creek,Milwaukee,,Wisconsin,Northern America,Americas,42.845978,-87.829956,exact,,,,,,,,,58,0.55,11747.7,94600,1.830419106615119,1,1.830419106615119
July 2025,G100000109562,L100000104162,United States,https://www.gem.wiki/Spring_Grove_power_station,Spring Grove power station,GEN5,"Pixelle Specialty Solutions LLC - Spring Grove Facility, Spring Grove Paper Mill, P.H. Glatfelter Spring Grove Power Plant",,Pixelle Specialty Solutions LLC [100%],E100000001284 [100%],LINDSAY GOLDBERG LLC [100.0%],E100001001339 [100.0%],45.9,operating,1989.0,,,subcritical,unknown,Bailey mine,,,,Spring Grove,,,Pennsylvania,Northern America,Americas,39.870722,-76.86822,exact,,,,pulp & paper,power,,,yes,36,0.55,12617.9,96100,0.2829337142087427,5,1.414668571043714
July 2025,G100000109566,L100000103792,United States,https://www.gem.wiki/Springerville_power_station,Springerville power station,Unit 4,,,Salt River Project [100%],E100000001291 [100%],Salt River Project [100.0%],E100000001291 [100.0%],458.1,operating,2009.0,,,subcritical,subbituminous,,,,,Springerville,Apache,,Arizona,Northern America,Americas,34.318533,-109.166003,exact,,,,,,,,,16,0.55,9572.2,96100,2.142185078911089,19,40.70151649931069
July 2025,G100000109568,L100000103950,United States,https://www.gem.wiki/Spurlock_power_station,Spurlock power station,"Unit 2, timepoint 1",HL Spurlock power station,,East Kentucky Power Cooperative Inc [100%],E100000002243 [100%],East Kentucky Power Cooperative Inc [100.0%],E100000002243 [100.0%],592.1,operating,1981.0,,,subcritical,bituminous,,"fossil gas: natural gas, coal: bituminous",G100001048353,,Maysville,Mason,,Kentucky,Northern America,Americas,38.700089,-83.817286,exact,,,,,,,,yes,44,0.55,10877.5,94600,3.097254095298388,5,15.48627047649194
July 2025,G100000109597,L100000103835,United States,https://www.gem.wiki/Stanton_Energy_Center,Stanton Energy Center,"Unit 2, timepoint 1",CH Stanton power station,,Florida Municipal Power Agency [23%]; Kissimmee Utility Authority [5%]; Orlando Utilities Commission [71%],E100000001273 [71%]; E100000002254 [23%]; E100000002271 [5%],Orlando Utilities Commission [71.6%]; Florida Municipal Power Agency [23.0%]; Kissimmee Utility Authority [5.0%],E100000001273 [71.6%]; E100000002254 [23.0%]; E100000002271 [5.0%],464.5,operating,1996.0,,2027.0,subcritical,bituminous,,fossil gas: natural gas,G100001018025,bioenergy,Bithlo,Orange,,Florida,Northern America,Americas,28.482811,-81.167647,exact,,,,,,,,not found,29,0.55,10442.4,94600,2.332591701022559,2,4.665183402045119
July 2025,G100000110030,L100000103990,United States,https://www.gem.wiki/TES_Filer_City_Station,TES Filer City Station,Unit 1,,,NorthStar Clean Energy Co [50%]; Tondu Corp [50%],E100000136049 [50%]; E100001000708 [50%],CMS Energy Corp [50.0%]; Tondu Corp [50.0%],E100000001164 [50.0%]; E100001000708 [50.0%],70.0,operating,1990.0,,,subcritical,bituminous,,,,bioenergy,Filer City,,,Michigan,Northern America,Americas,44.217,-86.2906,exact,,,,,,,,yes,35,0.55,12617.9,94600,0.4247543194362931,5,2.123771597181466
July 2025,G100000110086,L100000104030,United States,https://www.gem.wiki/Thomas_Hill_Energy_Center,Thomas Hill Energy Center,Unit 3,,,Associated Electric Cooperative Inc [100%],E100000002178 [100%],Central Electric Power Cooperative Inc; KAMO Electric Cooperative Inc; M&A Electric Power Cooperative; N.W. Electric Power Cooperative Inc; Northeast Missouri Electric Power Cooperative Inc; Sho-Me Power Electric Cooperative,E100001001073; E100002000074; E100002000075; E100002000077; E100002000076; E100002000078,738.0,operating,1982.0,,,subcritical,subbituminous,,,,,Clifton Hill,Randolph,,Missouri,Northern America,Americas,39.552742,-92.638175,exact,,,,,,,,,43,0.55,10877.5,96100,3.921664057660058,5,19.60832028830029
July 2025,G100000110222,L100000104215,United States,https://www.gem.wiki/Tolk_Station,Tolk Station,Unit 1,,,Southwestern Public Service Co [100%],E100000004085 [100%],Xcel Energy Inc [100.0%],E100000001329 [100.0%],568.0,operating,1982.0,,2028.0,subcritical,subbituminous,,,,,Muleshoe,Lamb,,Texas,Northern America,Americas,34.185119,-102.569306,exact,,,,,,,,,43,0.55,10877.5,96100,3.01829970833457,3,9.05489912500371
July 2025,G100000110318,L100000103951,United States,https://www.gem.wiki/Trimble_County_power_station,Trimble County power station,Unit 2,,,Illinois Municipal Elec Agency [12%]; Indiana Municipal Power Agency [12%]; Louisville Gas & Electric Co [14%]; Kentucky Utilities Co [60%],E100000002268 [12%]; E100000003494 [14%]; E100001001324 [12%]; E100000003414 [60%],PPL Corp [75.0%]; Indiana Municipal Power Agency [12.9%]; Illinois Municipal Elec Agency [12.1%],E100000001278 [75.0%]; E100000002268 [12.9%]; E100001001324 [12.1%],834.0,operating,2011.0,,,supercritical,bituminous,,,,,Bedford,Trimble,,Kentucky,Northern America,Americas,38.584722,-85.411944,exact,,,,,,,,,14,0.55,9249.900000000001,94600,3.709845053207906,21,77.90674611736603
July 2025,G100000110346,L100000104048,United States,https://www.gem.wiki/TS_Power_Plant,TS Power Plant,"Unit 1, timepoint 1",,,Nevada Gold Energy LLC [100%],E100001016505 [100%],Barrick Gold Corp [61.5%]; Newmont Corp [38.5%],E100000000103 [61.5%]; E100000001597 [38.5%],242.0,operating,2008.0,,,subcritical,subbituminous,,fossil gas: natural gas,G100001017864,,Battle Mountain,Eureka,,Nevada,Northern America,Americas,40.746006,-116.529833,exact,,,,other metals & mining,power,,,no,17,0.55,11312.6,96100,1.337404349636699,18,24.07327829346058
July 2025,G100000101720,L100000103906,United States,https://www.gem.wiki/Walter_Scott_Jr._power_station,Walter Scott Jr. power station,Unit 4,Council Bluffs Energy Center,,MidAmerican Energy Co [59%]; Lincoln Electric System [12%]; unknown [5%]; Corn Belt Power Cooperative [5%]; Central Iowa Power Cooperative [9%]; Municipal Energy Agency of Nebraska [6%],E100000003563 [59%]; E100001000645 [9%]; E100000002275 [12%]; E100000150456 [6%]; E100000132388 [5%]; E100001001263 [5%],Berkshire Hathaway Inc [59.7%]; Lincoln Electric System [12.7%]; Central Iowa Power Cooperative [9.6%]; Municipal Energy Agency of Nebraska [6.9%]; unknown [5.6%]; Touchstone Energy Cooperative Inc,E100000001155 [59.7%]; E100000002275 [12.7%]; E100001000645 [9.6%]; E100000150456 [6.9%]; E100000132388 [5.6%]; E100000001311,922.5,operating,2007.0,,,supercritical,subbituminous,,,,,Council Bluffs,Pottawattamie,,Iowa,Northern America,Americas,41.181158,-95.837653,exact,,,,,,,,,18,0.55,9249.900000000001,96100,4.168581977355754,17,70.86589361504782
July 2025,G100000110743,L100000103900,United States,https://www.gem.wiki/Warrick_Power_Plant,Warrick Power Plant,Unit 4,,,Southern Indiana Gas and Electric Co [50%]; Alcoa Power Generating Inc [50%],E100000004081 [50%]; E100001010047 [50%],Alcoa Corp [50.0%]; CenterPoint Energy Inc [50.0%],E100001000636 [50.0%]; E100000001177 [50.0%],323.0,operating,1970.0,,,subcritical,bituminous,,,,,Newburgh,Warrick,,Indiana,Northern America,Americas,37.915,-87.333681,exact,,,,aluminum,power,,,,55,0.55,11747.7,94600,1.824769664928035,5,9.123848324640177
July 2025,G100000110746,L100000104180,United States,https://www.gem.wiki/Wateree_Station,Wateree Station,Unit 1,,,Dominion Energy South Carolina Inc [100%],E100000002818 [100%],Dominion Energy Inc,E100000001193,385.9,operating,1970.0,,2031.0,supercritical,bituminous,,,,,Eastover,Richland,,South Carolina,Northern America,Americas,33.826383,-80.621758,exact,,,,,,,,,55,0.55,11352.15,94600,2.106714004953626,6,12.64028402972176
July 2025,G100000110861,L100000104218,United States,https://www.gem.wiki/Welsh_Power_Plant,Welsh Power Plant,"Unit 1, timepoint 1",,,Southwestern Electric Power Co [100%],E100000004084 [100%],American Electric Power Company Inc [100.0%],E100000001140 [100.0%],558.0,operating,1977.0,,2028.0,subcritical,subbituminous,,fossil gas: natural gas,G100001017976,,Pittsburg,Titus,,Texas,Northern America,Americas,33.055217,-94.840283,exact,,,,,,,,no,48,0.55,10877.5,96100,2.965160628962483,3,8.895481886887447
July 2025,G100000110914,L100000104280,United States,https://www.gem.wiki/Weston_Power_Plant,Weston Power Plant,"Unit 4, timepoint 1",,,Dairyland Power Cooperative [30%]; Wisconsin Public Service Corp [70%],E100000004338 [70%]; E100000002769 [30%],WEC Energy Group Inc [70.0%]; Touchstone Energy Cooperative Inc [30.0%],E100000001324 [70.0%]; E100000001311 [30.0%],595.0,operating,2008.0,,2032.0,supercritical,subbituminous,,,,,Rothschild,Marathon,,Wisconsin,Northern America,Americas,44.857744,-89.650192,exact,,,,,,,,,17,0.55,9249.900000000001,96100,2.68867889054382,7,18.82075223380674
July 2025,G100000110918,L100000104044,United States,https://www.gem.wiki/Whelan_Energy_Center,Whelan Energy Center,Unit 2,,,Heartland Energy [36%]; City of Hastings (Nebraska) [15%]; unknown [4%]; Municipal Energy Agency of Nebraska [36%]; City of Grand Island (Nebraska) [6%],E100000132388 [4%]; E100001001241 [15%]; E100000150456 [36%]; E100001001313 [36%]; E100000002212 [6%],Heartland Energy [36.4%]; Municipal Energy Agency of Nebraska [36.4%]; City of Hastings (Nebraska) [15.9%]; City of Grand Island (Nebraska) [6.8%]; unknown [4.6%],E100001001313 [36.4%]; E100000150456 [36.4%]; E100001001241 [15.9%]; E100000002212 [6.8%]; E100000132388 [4.6%],248.0,operating,2011.0,,,subcritical,subbituminous,,,,,Hastings,Adams,,Nebraska,Northern America,Americas,40.580619,-98.310782,exact,,,,,,,,,14,0.55,11312.6,96100,1.370563135164881,21,28.7818258384625
July 2025,G100000110920,L100000103797,United States,https://www.gem.wiki/White_Bluff_Generating_Plant,White Bluff Generating Plant,Unit 2,,,Entergy Arkansas LLC [57%]; unknown [8%]; Arkansas Electric Cooperative Corp [35%],E100000002987 [57%]; E100000002176 [35%]; E100000132388 [8%],Entergy Corp [57.0%]; Arkansas Electric Cooperative Corp [35.0%]; unknown [8.0%],E100000001209 [57.0%]; E100000002176 [35.0%]; E100000132388 [8.0%],900.0,operating,1981.0,,2028.0,subcritical,subbituminous,,,,,Redfield,Jefferson,,Arkansas,Northern America,Americas,34.423453,-92.139322,exact,,,,,,,,,44,0.55,10877.5,96100,4.782517143487875,3,14.34755143046362
July 2025,G100000110924,L100000103901,United States,https://www.gem.wiki/Whitewater_Valley_Generating_Station,Whitewater Valley Generating Station,Unit 2,,,City of Richmond (Indiana) [100%],E100001001248 [100%],City of Richmond (Indiana) [100.0%],E100001001248 [100.0%],60.9,operating,1973.0,,2028.0,subcritical,bituminous,,,,,Richmond,Wayne,,Indiana,Northern America,Americas,39.8022,-84.8953,exact,,,,,,,,,52,0.55,12617.9,94600,0.369536257909575,3,1.108608773728725
July 2025,G100000110945,L100000104181,United States,https://www.gem.wiki/Williams_Station,Williams Station,Unit 1,AM Williams power station,,South Carolina Genertg Co Inc [100%],E100001001411 [100%],Dominion Energy Inc [100.0%],E100000001193 [100.0%],632.7,operating,1973.0,,2031.0,supercritical,bituminous,,,,,Goose Creek,Berkeley,,South Carolina,Northern America,Americas,33.015178,-79.927678,exact,,,,,,,,,52,0.55,10511.25,94600,3.198194578652499,6,19.18916747191499
July 2025,G100000110948,L100000103953,United States,https://www.gem.wiki/Wilson_Station,Wilson Station,Unit 1,DB Wilson power station,,Big Rivers Electric Corp [100%],E100000002184 [100%],Big Rivers Electric Corp [100.0%],E100000002184 [100.0%],509.4,operating,1984.0,,,subcritical,bituminous,,,,,Centertown,Ohio,,Kentucky,Northern America,Americas,37.4497,-87.080458,exact,,,,,,,,,41,0.55,10877.5,94600,2.664653329074478,5,13.32326664537239
July 2025,G100000110952,L100000104182,United States,https://www.gem.wiki/Winyah_Generating_Station,Winyah Generating Station,Unit 2,,,South Carolina Public Service Authority [100%],E100000001294 [100%],South Carolina Public Service Authority [100.0%],E100000001294 [100.0%],315.0,operating,1977.0,,2030.0,subcritical,bituminous,,,,,Georgetown,Georgetown,,South Carolina,Northern America,Americas,33.329533,-79.357736,exact,,,,,,,,,48,0.55,11747.7,94600,1.779574131431366,5,8.89787065715683
July 2025,G100000111046,L100000104288,United States,https://www.gem.wiki/Wygen_I_power_station,Wygen I power station,--,Wygen power station,,Black Hills Electric Generation LLC [100%],E100001001210 [100%],Black Hills Corp [100.0%],E100000001157 [100.0%],88.0,operating,2003.0,,,subcritical,subbituminous,,,,,Gillette,Campbell,,Wyoming,Northern America,Americas,44.286754,-105.387451,exact,,,,,,,,,22,0.55,12182.8,96100,0.5237387662912946,13,6.808603961786829
July 2025,G100000111048,L100000104290,United States,https://www.gem.wiki/Wygen_II_power_station,Wygen II power station,--,Wygen 2,,Cheyenne Light Fuel & Power [100%],E100000002685 [100%],Black Hills Corp [100.0%],E100000001157 [100.0%],95.0,operating,2008.0,,,subcritical,subbituminous,,,,,Gillette,Campbell,,Wyoming,Northern America,Americas,44.287911,-105.383969,exact,,,,,,,,,17,0.55,11312.6,96100,0.5250141041962245,18,9.450253875532042
July 2025,G100000111047,L100000104289,United States,https://www.gem.wiki/Wygen_III_power_station,Wygen III power station,--,,,Montana-Dakota Utilities Co [25%]; Black Hills Power Inc [52%]; City of Gillette (Wyoming) [23%],E100000002544 [52%]; E100001001232 [23%]; E100000003593 [25%],Black Hills Corp [52.0%]; MDU Resources Group Inc [25.0%]; City of Gillette (Wyoming) [23.0%],E100000001157 [52.0%]; E100000001250 [25.0%]; E100001001232 [23.0%],116.2,operating,2010.0,,,subcritical,subbituminous,,,,,Gillette,Campbell,,Wyoming,Northern America,Americas,44.286754,-105.387451,exact,,,,,,,,,15,0.55,11312.6,96100,0.6421751463958032,20,12.84350292791606
July 2025,G100000111049,L100000104291,United States,https://www.gem.wiki/Wyodak_Power_Plant,Wyodak Power Plant,Unit 1,,,Black Hills Power Inc [20%]; PacifiCorp [80%],E100000002544 [20%]; E100000003765 [80%],Berkshire Hathaway Inc [80.0%]; Black Hills Corp [20.0%],E100000001155 [80.0%]; E100000001157 [20.0%],402.3,operating,1978.0,,,subcritical,subbituminous,,,,,Gillette,Campbell,,Wyoming,Northern America,Americas,44.287911,-105.383969,exact,,,,,,,,,47,0.55,11747.7,96100,2.308807976190207,5,11.54403988095103
