plant_name,latitude,longitude,epd_count
Newark,40.7492,-74.16723,1983
Roseland,40.826,-74.2974,1974
Bogota,40.87996,-74.03769,1964
Howell,40.21426,-74.19105,1908
North Bergen,40.82015,-74.01551,1893
Broadway,40.73789,-74.07932,1717
Port of Portland,45.55959,-122.71416,1469
West Nyack,41.11005,-73.95576,1466
Vernon,34.014213,-118.2243938,1133
Queens Lane (wet),37.3704404,-121.9033737,1062
Irvine,33.6940496,-117.8209081,1051
Wildish,44.1096264,-123.0671489,940
Artesia,33.8732609,-118.0838964,697
Oakland,37.772993,-122.2361628,690
Sun Valley,34.2330406,-118.3762305,658
Redwood City,37.4933125,-122.21718750000001,640
Corvallis,44.48843919999999,-123.2588244,635
Pier 92 Amador,37.7465575,-122.3821456,625
Hilroy,44.9010608,-122.9712008,565
STOCKTON PLANT WET,37.3416555,-121.9137762,500
Queens Lane (dry),37.3704404,-121.9033737,484
Santa Clara,37.3881388,-121.9568651,409
Annapolis Junction,39.1281251,-76.7896738,408
Redwood City B,37.508828,-122.2086066,395
Canoga Park,34.1958281,-118.5967808,388
Brookshire Plant,29.81077,-95.96515,386
Stockton (wet),37.33646,-121.90884,383
Baltimore,39.2015955,-76.581648,377
Irwindale,34.117356,-117.9815504,372
Glendale,34.1469514,-118.2745201,365
Morrisville,35.83826,-78.82264,348
North,35.2542164,-80.7978286,344
Seattle,47.5566,-122.33986,341
South Gate,33.9508387,-118.1798201,335
Broadway Plant,40.714059,-74.00682,333
San Jose,37.3679741,-121.8823738,332
Santa Clarita,34.426687,-118.497624,322
Van Nuys,34.1797213,-118.464613,289
Moorpark,34.28841,-118.86562,287
South San Francisco (wet),37.6429524,-122.4113983,287
Orchards,45.62163,-122.55176,281
Hermiston,45.8224375,-119.2700625,278
Concord,38.00481,-122.04701,272
San Francisco Plant 31,37.7462131,-122.3801002,269
San Francisco Plant 32,37.7462131,-122.3801002,264
Bayonne,40.65945,-74.11098,258
Logan,39.8147014,-75.31846469999999,240
San Francisco Plant 30,37.7462131,-122.3801002,238
"Atlanta, GA",33.7394571,-84.3588446,236
Burnsville,44.77770779999999,-93.3081565,234
South Plainfield,40.5620249,-74.4111236,234
RBWest,44.96703,-123.04232,225
Foster Road,45.47547,-122.5591,224
Long Island City,40.7404113,-73.94243019999999,219
Mt. Holly,39.9811525,-74.802218,218
San Carlos,37.50578,-122.25477,215
Queenstown,38.9846764,-76.1090196,213
Sterling RM (Plant 1),38.981315,-77.44931140000001,210
Mission Valley,32.77439,-117.1407,206
Dulles,38.985221,-77.44823199999999,202
Apple Valley,44.7269541,-93.18979189999999,199
Maple Grove,45.1084343,-93.41544859999999,198
Boardman,45.848754,-119.6557349,192
Englishtown,40.2595181,-74.3994312,191
Elk River,45.3455319,-93.5603972,182
Austin Plant 2/9,30.1862051,-97.70409590000001,160
Philadelphia,39.976096,-75.2195837,159
Bannock,39.68493650000001,-104.990319,156
Salinas,36.6729287,-121.6441745,155
Berkeley,37.8788,-122.30148,147
Union City,37.60522,-122.02907,143
Chalco Plant (1&2),41.164541,-96.1417,141
Waltham,42.36386660000001,-71.2656615,141
Inglewood,33.8847311,-118.4053029,137
Gainesville,38.7948127,-77.5915595,137
Atlanta,33.79411,-84.43239,137
Centreville RM,38.8268285,-77.49334189999999,134
South,35.16656,-80.88206,134
Hayward,37.65142,-122.12687,133
Armour Drive 301,33.81058,-84.38147,127
Green,30.2288124,-97.6158981,126
Sullivan,47.6745625,-117.1954375,125
Southwest DC,38.9159429,-77.0037487,124
Antioch,38.01207,-121.75336,116
Brooklyn (A),40.7108599,-73.9334351,115
Downingtown,39.9994224,-75.696077,114
Everett,42.3898619,-71.0569058,112
Redmond,47.67487,-122.11869,111
Fort Totten (DC),38.9516885,-77.00775039999999,111
Navigation RM,29.7498917,-95.3195726,107
Fontana RM,34.0553876,-117.5175578,106
Santa Cruz,36.9834654,-122.0323577,106
Orange,33.81707,-117.86784,102
Limerick,40.2447863,-75.5631042,102
Los Angeles,34.06639,-118.22324,101
Bridgeport,41.16031249999999,-73.2104375,100
Ham Lake,45.260081,-93.231775,99
Sterling RM (,38.981315,-77.44931140000001,96
Kingston,40.4049154,-74.5912029,96
CTI Ready Mix West Des Moines,41.5910365,-93.7116815,95
Bend,44.04831,-121.30775,95
Buckhead,33.81352,-84.36403,95
Glenwood 317,33.73867,-84.35887,94
Jarvis,42.0128468,-87.9243579,94
Boston Sand & Gravel,42.3724386,-71.0694805,94
Carroll Canyon,32.897682,-117.1253723,93
Palomar Escondido,33.1225365,-117.0954393,93
19th Avenue,33.4128263,-112.1001269,93
Pleasanton,37.67019,-121.8298,92
Monterey-Seaside,36.6138125,-121.84581250000001,92
Sandwich,41.7521548,-70.5145939,88
Sun City,33.7016562,-112.2940243,88
Orleans,41.7767754,-70.0101674,87
Franklin,39.8007249,-104.9692194,87
Golden,39.7079008,-105.2070713,87
West,33.4919494,-112.311191,87
Denver,39.8044496,-104.9599974,86
Perkins,38.544484,-121.381585,86
Carver,41.8253995,-70.7532268,86
"Colonie, NY",42.7205823,-73.7196052,86
"Pleasant Valley, NY",41.7709844,-73.8129352,85
Mira Mar,32.8842526,-117.1974921,85
Spotsylvania,38.2127722,-77.5490828,85
Edsall Road,38.8016876,-77.16891679999999,84
Dennis,41.6897947,-70.1330451,84
MINNEAPOLIS READY-MIX,44.8930195,-93.2846046,84
West Sacramento Terminal,38.56544,-121.5625,83
Hollywood,34.0890534,-118.3433949,83
Arrowood,35.1179,-80.89303,82
South Plant,30.21393479999999,-97.7576606,82
Quivas,39.7345888,-105.0081561,81
"Yakima, WA",46.59833260000001,-120.4779157,79
DFW RMX,32.8627533,-96.9064916,79
Chicago Chinatown,41.8524237,-87.6425514,78
North Salt Lake,40.8171217,-111.9241632,77
West Jordan,40.5752738,-112.0290534,77
Lafayette,34.7125927,-85.3296742,77
New Albany,40.0777765,-82.74039929999999,74
Minneapolis,45.0043408,-93.2778038,74
Davenport RK,28.187097,-81.59181459999999,74
Front Ave,45.5616136,-122.7321259,74
Sumner,47.2000032,-122.2063926,74
Lytle Creek RM (DUAL),34.1564209,-117.3995937,73
Corona RM,33.7584253,-117.480903,72
Lithia Springs,33.7646096,-84.6770952,72
Gardena,33.9046569,-118.2787513,71
Columbus,32.4516599,-84.946513,71
San Tan,33.1512505,-111.8379013,70
Hwy 101,34.9024049,-82.1700248,69
CTI Ready Mix Elkhart,41.7929539,-93.54016229999999,69
Kentucky Avenue (155),38.1898391,-85.6981244,69
Buda Ready Mix,30.0690661,-97.8575834,68
College Park,33.6365151,-84.45956729999999,68
Georgetown Plant,30.7181422,-97.8448942,68
Ramirez Ln plant,30.2458568,-97.6536259,68
Houser,47.500191,-122.196785,68
Monticello,45.30071030000001,-93.8247952,67
Buffalo,45.1886963,-93.8818265,67
Volente Plant,30.459495,-97.8289039,67
Perris RM,33.7849145,-117.2258221,67
Montgomery - Wares Ferry,32.3974956,-86.10835540000001,67
Oak HIll Plant,30.2309974,-97.9404897,66
Manor Plant,30.3505292,-97.4827375,66
Neville Island,40.4926662,-80.0800216,66
Round Rock,30.4694278,-97.6678239,65
Mid Cities Soutlake,32.9167927,-97.12680019999999,65
Boise (Idaho),43.5587697,-116.2495051,65
Apache Junction,33.380454,-111.5786,65
River Road,39.1026257,-108.6329406,65
Yard 32,41.8971622,-87.64851929999999,64
Oxford,42.1679729,-71.899609,64
Liberty,39.2525832,-94.45419079999999,64
Round Rock Plant,30.4672018,-97.67245220000001,64
Kings Mountain,35.22572,-81.33936,63
Maspeth,40.72193,-73.919973,62
State College,40.8213449,-77.81014689999999,62
Springfield RM (,38.796126,-77.17314019999999,62
Sherman St.,37.2058849,-93.2910936,62
West Haven,41.2345909,-112.0299304,61
Keasbey NJ,40.513574,-74.2963832,61
Montrose,38.503454,-107.930586,61
Bellevue,47.6256689,-122.1676503,61
Delta,38.75954309999999,-108.0330529,60
Compton,33.91724,-118.22258,60
Wapato,46.509437500000004,-120.4573125,60
Washington DC,38.8131879,-77.0140224,60
MAPLE GROVE READY-MIX,45.0936287,-93.41940249999999,60
Whitestown,39.9899236,-86.4108519,59
Trenton NJ,40.2408422,-74.74010779999999,59
Ragsdale,32.5517013,-90.08299559999999,58
Gypsum,39.6502271,-106.9244013,58
Sundial (Oregon),45.563661,-122.410523,58
Richard Street,33.95037,-80.95661,58
Redlands RM (DUAL),34.1051823,-117.2081377,57
Woodinville,47.7809663,-122.0195271,57
Doraville,33.92532,-84.2513,57
Miramar,32.8605518,-117.1270727,57
Richland,46.3138125,-119.2941875,57
Hospital,46.1433125,-119.2848125,56
Irondale,33.5790464,-86.6676012,56
Irvine Plant,33.69424,-117.8209,55
Linnton (Oregon),45.6110786,-122.7947741,55
Chattanooga Jersey,35.0688345,-85.1894933,55
Telluride,37.9374939,-107.8122852,54
Powers,39.4010159,-107.1142955,54
Woody Creek,39.2732741,-106.8865148,54
North Arlington NJ,40.7739451,-74.12804729999999,54
Auburn (Portable),32.5397015,-85.5328406,54
Visco Dr. - Nashville,36.1624285,-86.7313427,53
Main Costilla,38.8292672,-104.8147738,53
Santa Barbara,32.7006603,-117.1450526,53
College Point,40.76951649999999,-73.84792519999999,53
Pleasanton (wet),37.67748,-121.83252,53
Fairfield Portable,38.28298,-121.99639,53
Spangler,32.8728023,-96.9127487,53
Crested Butte,38.841112,-106.949307,52
Minturn,39.5797962,-106.4174867,52
Maricopa,33.0748079,-112.0428304,52
Gunnison,38.5391191,-106.8574331,52
Rifle,39.5278613,-107.7928747,52
Federal Way,47.28660499999999,-122.315831,52
American Fork,40.34353369999999,-111.7824265,52
Leesburg RM,39.0737281,-77.52520179999999,51
"Pittsfield, MA",42.4608393,-73.1976639,51
Seneca,34.7153651,-82.9949659,50
Bode B,37.74601,-122.38135,50
7th Street,33.6943411,-112.0655012,50
Plant #4,41.1916949,-95.88549580000002,50
Ft Walton,30.4498635,-86.62521509999999,50
Prineville,44.2856875,-120.8881875,49
"Denver, CO",39.8756875,-104.6749375,49
"Arizona, USA",33.4835625,-111.7234375,49
East Orlando,28.46264,-81.275668,49
Morgan Road Plant,42.2145383,-83.6824187,48
Red Oak 329,33.6255313,-84.4748087,48
Greeneville,36.2440997,-82.8425216,48
Steamboat,40.4991259,-106.8572256,48
43rd Ave,33.4158906,-112.1538115,48
Higley,33.4827127,-111.7187385,48
Navarre,30.43423959999999,-86.86919739999999,48
Huntsville (Dual),34.672278,-86.5931972,48
Chantilly,38.9192025,-77.48691199999999,48
Rockville East,39.099929,-77.136607,48
Hillsboro,45.5362963,-122.89837,47
Brewster Ready Mix,41.363676,-73.6122929,47
Childs Road,44.9429718,-93.0526022,47
YD 32 PM,41.8971555,-87.6484952,47
Columbus - Smith Rd (Vulcan Quarry),32.5919903,-84.94592019999999,47
Lawrenceville,33.9627861,-83.9989248,46
Niceville (Villa Tasso),30.4634595,-86.38805380000001,46
43rd Avenue Plant 147,33.4023125,-112.1514375,46
Pasco,46.272062500000004,-119.2499375,46
McDuffie Rd,30.390202,-87.656869,46
Fitchburg 1-2,43.0169749,-89.4770076,46
Linnton,45.6110753,-122.7947521,46
Paramount,33.9046661,-118.1710174,46
Bode C,37.74614,-122.37916,45
Maynardville,36.18397160000001,-83.8982637,45
EMPIRE READY-MIX,44.7138092,-93.1187686,45
"Hudson, MA",42.3912327,-71.50929789999999,45
Dublin,40.09747,-83.20208,45
Enterprise,31.2056681,-85.7914653,45
Westside,30.3503954,-87.38636389999999,44
Brooklyn (B),40.7108599,-73.9334351,44
Adelanto,34.5601677,-117.3982994,44
Kent,47.397124,-122.2557552,44
Dalton,34.7768036,-84.9702945,44
Pima,32.0126733,-110.9363227,44
Plant 3,32.8763978,-96.9193825,44
Atmore,31.0487807,-87.49295819999999,44
South St Paul,44.8759802,-93.0275802,43
Apex,32.4168607,-111.1609722,43
French Camp,37.85658,-121.26566,43
Andalusia,31.317334,-86.461899,43
Northampton,42.3350622,-72.65374299999999,43
Plant 2 Franklin,39.8007333,-104.9691604,43
Dothan,31.2446095,-85.3982731,43
Cardi Materials Warwick,41.74676789999999,-71.4399093,43
Boones Creek,36.42039,-82.43383639999999,43
Stafford RM,38.3486183,-77.506447,43
Milton,30.5857266,-87.0629328,42
West Knoxville,35.911459,-84.135959,42
Florence - Industrial,34.8640178,-87.6686351,42
Bryan Park,37.590002,-77.48319599999999,42
Monroe,33.759935,-83.70338699999999,42
TSMC,33.8395368,-112.1191757,42
Winfield,33.9491643,-87.783366,42
HARVEST - HIGHWAY 53 - LAFARGE,34.8402605,-86.70974439999999,42
Frederick,39.40863660000001,-77.399812,42
Alexander City,32.9610803,-86.0064866,42
Cullman,34.1990883,-86.8486732,42
1 Lackey Dam Rd.,42.08851990000001,-71.6969945,41
Smyrna 330,33.8329472,-84.4711279,41
South Fresno,36.68457,-119.73935,41
New Tazewell,36.4393608,-83.5948379,41
Brooklyn,39.2427373,-76.60112629999999,41
Seagrove,30.3669124,-86.1014087,40
Drake,40.553799,-105.0218522,40
Russellville,34.4699398,-87.71862780000001,40
Plymouth,41.9650166,-70.699814,40
Kirby Road,38.7805206,-76.91860830000002,40
Springfield RM (Plant 1),38.796126,-77.17314019999999,40
Trinity,34.62174,-87.081895,40
Tuscumbia (Dual),34.7116639,-87.7152701,40
Rialto,34.142916,-117.41878,39
Lithonia,33.7484246,-84.0782471,39
Black River,47.4789352,-122.2052452,39
Troy,31.8064464,-85.9922422,39
Cantonment (Dual),30.6584466,-87.3219326,39
Panama City Beach - #2,30.207258,-85.8303864,39
Jessup,39.1525125,-76.7767612,39
NEWPORT READY-MIX,44.8809193,-93.01049569999999,39
Freightliner Rd,36.1558483,-86.7340541,38
Baker Flats,47.5097909,-120.2926043,38
YD 08,42.0056878,-87.9143842,38
Walla Walla,46.0720625,-118.3641875,38
Lincoln,38.83901,-121.32803,38
Quincy,47.2363636,-119.8743367,38
San Juan Capistrano,33.51472,-117.57426,38
Prosser,46.20718749999999,-119.7393125,37
Danbury,41.3831875,-73.4740625,37
Coolidge,33.0086832,-111.4755711,37
North Hollywood,34.205283,-118.419093,37
Southampton,39.9113274,-74.741948,37
Stockbridge,33.5395076,-84.2285021,37
Martinez,38.02006,-122.08522,37
Plant #5,41.2113778,-96.00891,37
One,42.1795352,-71.3249804,37
BRONX,40.8360483,-73.8777528,36
Sundial (wet),45.5605517,-122.4077134,36
I-220,30.4283165,-89.0795886,36
Colville,48.5478125,-117.8894375,36
Tacoma,47.1680697,-122.4806668,36
Demopolis,32.5130692,-87.8556646,36
Mineral,38.0773441,-77.9085784,36
Ben Hill,33.6867093,-84.5138829,36
Dallas,33.91534499999999,-84.83872629999999,36
Hanover,42.0947725,-70.87008639999999,36
FARGO READY-MIX WET,46.8872534,-96.8499574,35
Katy RM (JV),29.782857,-95.8902165,35
Chambers,39.7560125,-104.8082311,35
Otay Mesa,32.5590832,-116.9708584,35
Rochester,43.101791,-77.68113,35
Rosenfeld Concrete,42.1480955,-71.25865139999999,35
Jamaica,40.7057353,-73.7817637,35
Pearland #35 LLC,29.61922,-95.302072,35
Airway Heights,47.632846,-117.598663,35
Hartford Concrete,41.775809,-72.66900749999999,35
Southeastern Concrete,42.1882728,-70.9322026,35
Santa Ana,33.7175929,-117.8516106,35
Stamford,41.0416875,-73.54656250000001,35
Tumalo (Oregon),46.8341854,-100.8105596,34
Woodstock,34.1237365,-84.5080245,34
Dover,48.255812500000005,-116.6444375,34
Del Camino,40.1608946,-105.0224274,34
Getchell,48.0746712,-122.0241877,34
Fontana,34.0634019,-117.5046129,34
Bladensburg,38.926841,-76.933086,34
Eugene (Oregon),44.1024349,-123.1108873,33
Seattle (Duwamish) Ready Mix Plant,47.5482914,-122.3347862,33
The Dalles,45.63175,-121.205249,33
Pendleton,45.6711875,-118.7306875,33
Cemco 10 Moorsville RM,34.6189329,-86.8553996,33
ALPHARETTA - NORTH FULTON - RMUSA,34.0571892,-84.3062867,33
Santa Paula RM,34.3529815,-119.0499249,33
Beck Street (608),40.8061275,-111.9157374,33
Wyoming Road,47.7734375,-116.9056875,33
Daphne,30.5987899,-87.8684399,33
Corvallis (Oregon),44.5566921,-123.2406062,33
Downtown Miami,25.7909956,-80.1951018,33
Puyallup,47.092526,-122.292094,33
Arvada,39.79542,-105.059548,33
Summit View,40.5871626,-105.0291447,33
Pacific,47.250151,-122.2500345,33
Oxnard RM,34.1961618,-119.1682007,32
Dakota concrete,41.246061,-73.9252829,32
Buckeye,33.3627124,-112.5377072,32
Sweetwater,25.7858897,-80.4202205,32
South Hill,36.7218111,-78.14464450000001,32
Dawsonville - Easy Street,34.367902,-84.04794,32
Monroeville,31.4574096,-87.36539409999999,32
Hwy 16,29.271311,-98.5736282,32
Pooler,32.0896459,-81.1985589,32
"Sheffield, MA",42.058875,-73.333359,32
Johns Creek,34.0014557,-84.1690658,32
Enumclaw,47.1976366,-121.9493809,32
Charleston,32.89141,-79.97702,32
Butler,48.5289064,-122.3111225,32
Shirlington,38.84402,-77.08411,32
Summerville,33.0766271,-80.2047448,32
Atlanta Div Portable Plant 358,33.5995914,-83.6957051,32
Blythewood,34.1699215,-80.9532673,32
Harwinton,41.7771553,-73.1163809,32
Nampa (Idaho),43.631734,-116.590505,31
Wenatchee,47.4051534,-120.2994696,31
McIntosh,27.2731204,-82.4794639,31
Athens,34.8160904,-86.965948,30
WW White,29.4495713,-98.40748939999999,30
Boise,43.5587697,-116.2495051,30
Charlotte Graham Street,35.26791,-80.81615,30
Durham,35.9744424,-78.8705215,30
Redmond (Oregon),44.2818275,-121.1550591,30
Bushwick,40.7072428,-73.9382389,30
Coffee Lake (Oregon),45.3469248,-122.7986266,30
West Street,35.77992,-78.64346,30
Elk,48.0109375,-117.34881250000001,30
Sunnyside,46.3158125,-119.98043750000001,30
Madras,44.6503,-121.16843,30
Hood River,45.7088466,-121.498931,30
Fredrickson,47.09285730000001,-122.3567382,30
Plant #3,41.3140829,-96.04777,30
Shelton,47.2098007,-123.1331899,30
Canyon,47.1982235,-122.3581378,30
"Carlisle, IA",41.5246912,-93.51597869999999,29
North Bonneville,45.64307549999999,-121.9855518,29
72 Hartford Ave.,42.1101017,-71.48944039999999,29
East Boise Plant,43.55886599999999,-116.180576,29
Fruitland (Idaho),48.2110317,-116.5589864,29
Dixon 2,41.62491,-93.58971,29
Hillsboro (Oregon),45.5130497,-122.9981662,29
Post Falls,47.7205625,-117.0060625,29
Vestal,42.108619,-75.996449,29
Rockville,39.0998986,-77.1356182,29
Mid-Town Miami,25.7961277,-80.22178339999999,29
Portable Rexcon 1,33.5696959,-86.7893782,29
Mt. Vernon,40.89018739999999,-73.8247446,29
Dumfries RM,38.5668402,-77.31882399999999,29
Plant #7,41.2489606,-95.97947579999999,29
Boston Concrete,42.6418324,-71.328689,29
Othello,46.8295702,-119.1742201,29
Berkshire Concrete Corp,42.4868774,-73.1971511,29
Naples Wiggings Pass RM/BM,26.2928492,-81.7930552,29
East Granby Concrete,41.9395457,-72.73823209999999,28
Mattawa Plant 27,46.7378,-119.90233,28
Mattawa,46.635062500000004,-119.8519375,28
Norwich Concrete,41.4990499,-72.101626,28
Columbia,32.1731732,-110.9041412,28
Pittsburgh,40.435517,-79.9747624,28
Crestview,30.7085328,-86.5976106,28
MARIETTA - OWENBY DRIVE,33.9848603,-84.5312704,28
Ephrata,47.302143,-119.546407,28
Manassas,38.7519187,-77.54651989999999,28
Sarival,33.5275846,-112.4095661,28
El Cajon,32.8159991,-116.9634649,28
Buford (RMUSA),34.1542841,-83.9670261,28
84 Tyrone,33.496351,-84.584093,28
Thomasville,31.9375416,-87.75793929999999,27
Greenville,34.88088,-82.39011,27
Marietta,30.3203987,-81.76171819999999,27
Dixon 3,41.60866,-93.58865,27
Industrial Park Rd (Cartersville - RMUSA),34.229395,-84.8007111,27
Bremerton,47.2050528,-122.2895178,27
Harvest,34.8403,-86.70974,27
Nampa,43.631734,-116.590505,27
South Miami Plant 1052,25.7360194,-80.3157397,27
Alpharetta,34.0584479,-84.3072397,27
"Greer, SC",34.9024049,-82.1700248,27
YD 21 PM,42.0991433,-87.8158038,26
CTI Ready Mix Carlisle,41.5246912,-93.51597869999999,26
Wheatland (Oregon),45.09452830000001,-123.030376,26
Ehren Cut-Off,28.3194927,-82.4195994,26
Troutdale,45.5472562,-122.4099289,26
Woodburn,45.1629746,-122.869257,26
Eugene (2),44.1024349,-123.1108873,26
Modesto,37.6348,-120.94329,26
SCM Maiden,35.5911,-81.24846000000001,26
GRAND FORKS READY-MIX,47.9339078,-97.0665642,26
Old Saybrook Concrete,41.3048395,-72.37242719999999,26
Downtown - Marietta Blvd,33.7911081,-84.4318112,26
UMore,44.7199165,-93.0930089,26
Laurel,39.07989200000001,-76.9150804,26
Issaquah,47.54268,-122.03347,26
Anaheim,33.8534956,-117.917108,26
Portsmouth Virginia,36.809487,-76.29280299999999,26
Port Charlotte,27.0176541,-82.1306353,25
Grimes 1,41.65162,-93.78378,25
05-Navassa,34.2732025,-78.044529,25
Charlottesville,38.038512,-78.4800022,25
Tyrone,33.4502555,-84.5989141,25
Intel,33.2414138,-111.8807648,25
State Rd 80 (WPB FL) RM,26.6820272,-80.19265,25
Alabaster - Pelham,33.266777,-86.78945759999999,25
"Hudson, NY",42.2054273,-73.79333,25
Campostella,36.8796855,-76.20723459999999,25
Chase,42.9928967,-87.91366409999999,25
Alexandria,40.09536,-82.62593,25
Wheatland,45.09452830000001,-123.030376,25
Olathe,38.811481,-94.8914568,25
56th Street,28.0059917,-82.393873,25
Savannah East,32.07598,-81.04809,24
Batch Plant No. 3,31.8266464,-106.4305586,24
Dallesport,45.63568619999999,-121.1552994,24
Pomona,34.056959,-117.7940248,24
Ozinga Evanston,42.0294,-87.70823,24
Southury,41.50336240000001,-73.2199854,24
Helena,46.6115386,-111.9386551,24
"New Carlisle - Portable 31480 Edison Rd, New Carlisle, IN 46552",41.6932449,-86.4748764,24
Fruitland,48.2110317,-116.5589864,24
KCK,39.0945819,-94.6784624,24
Los Lunas,34.81559,-106.85847,24
Kenosha 712,42.594344,-87.8746551,24
Hillsboro Plant,45.5130497,-122.9981662,24
New Smyrna,29.017679,-80.92390999999999,24
Baymeadows,30.2360783,-81.5961617,24
Lakeshore (Dual) (Lafarge),33.4330148,-86.9042697,24
Redlands,34.1016461,-117.2071399,24
Tracy,37.6799495,-121.431411,24
Riverside,34.0214746,-117.3975192,24
Central Avenue - 351,39.1014338,-94.6104786,23
Jeffco,39.8937044,-105.2383477,23
Moreno Valley,33.9137062,-117.2811251,23
Brighton,39.9635003,-104.8390569,23
Waters Avenue,28.0346233,-82.532004,23
Sundial Plant,45.5646219,-122.4092456,23
Lecanto East,28.819106,-82.4852487,23
Zephyrhills,28.2126709,-82.1649044,23
Portable 18,38.8651543,-77.0007341,23
Linnton (wet),45.611443,-122.792868,23
Woodburn (Oregon),45.1629746,-122.869257,23
East Plant/East Naples/East Trail,26.0285786,-81.6408079,23
Bode,37.74614,-122.37916,23
Bradenton,27.4602993,-82.546208,23
Eastport,30.4439089,-81.6213719,23
Meyer Rd Plant 159,41.050695,-85.0758723,22
Oldsmar,28.0416636,-82.651488,22
Coffee Lake (wet),45.34715,-122.79892,22
Odessa,28.194996,-82.620173,22
Hillsboro (wet),45.52253,-122.99018,22
"Burlington, MA",42.4695486,-71.2124906,22
Vance,33.189202,-87.4565956,22
Central,39.828928,-104.939044,22
Foothill,34.1114978,-117.6936641,22
Brooksville,28.5743217,-82.4202875,22
Schertz RM,29.5523287,-98.26623359999999,22
Largo II,27.8973697,-82.76808559999999,22
Grimes Plant,41.6883646,-93.7925199,22
Midway,44.9733294,-93.187189,21
Plant City  RK,28.0220417,-82.0900011,21
Clear Brook RM,39.262854,-78.087817,21
2 Plant,39.9171345,-83.0144976,21
LaBelle 1,26.7537557,-81.3801573,21
Beaumont,33.9292299,-116.9850697,21
Canton Plant #26,32.6150877,-90.0397895,21
Kenmore,47.7578888,-122.2534239,21
Thousand Palms,33.8140994,-116.3982187,21
Wildwood,28.891126,-82.0334554,21
78th Street,27.8812976,-82.3712512,21
McMinnville (Oregon),45.2180609,-123.1739388,21
Midtown - Armour Drive,33.8129345,-84.377423,21
Ocala,29.1732544,-82.14382429999999,21
Berth 150,27.9205142,-82.41697429999999,21
Winter Park,28.603964,-81.2998161,21
Pasadena,34.1816402,-118.1596981,20
McMinnville,45.2180609,-123.1739388,20
Murrieta,33.5360073,-117.1850757,20
Alico Road RM/BM,26.4723105,-81.709812,20
Lake Forrest,33.6809955,-117.6778369,20
Corona,33.8623713,-117.5299097,20
Lancaster,42.9325246,-78.62120519999999,20
Aurora,39.75429099999999,-104.809458,20
Friant,36.929019,-119.7353649,20
Lake Wales,27.9015938,-81.5060551,20
Front Royal RM,38.9710959,-78.1756589,20
Clermont RK,28.5241696,-81.6906578,20
Sedalia,39.4719615,-104.9931303,20
THEODORE PLANT,30.54916059999999,-88.11330269999999,20
Leon,30.062646,-94.2190567,20
Orange City,28.9615433,-81.26926209999999,20
St. Cloud,28.2399193,-81.2536149,20
Port Norfolk,36.855258,-76.332729,20
Orlando (Atlanta Ave),28.5252579,-81.3834387,20
FARGO READY-MIX DRY,46.8872534,-96.8499574,20
Leesburg RK,28.7345805,-81.89627829999999,20
DuPont Ready Mix Plant and Pioneer Aggregate Plant,47.122746,-122.640595,20
FOREST LAKE READY-MIX,45.252903,-92.982197,20
Crestline,47.734812500000004,-117.3760625,20
Cabazon,33.9174511,-116.8116751,20
Ferndale,48.8330425,-122.5689323,19
Bessemer - CEMCO #7,33.3682594,-87.0111429,19
San Clemente,33.4344981,-117.6256691,19
Four Corners,28.3104033,-81.7009705,19
PORTABLE LRT READY MIX,44.9743228,-93.2937579,19
Lakeland RK,28.0130602,-81.88150399999999,19
Queens Chapel,38.9207378,-76.9728575,19
120 Berkley St.,41.8817101,-71.0877376,19
Habersham,27.6648274,-81.5157535,19
Pineview,33.9330761,-80.9563173,19
Palmetto,27.5196771,-82.5704836,19
Lorton,38.6997941,-77.2239314,19
Sundial,45.563661,-122.410523,18
"Bishop, CA",37.3612561,-118.3797726,18
Best Concrete,40.7624597,-73.83530689999999,18
"YD 19 | 560 Rock Rd Dr. East Dundee, Illinois",42.0920253,-88.2409244,18
"Weldon, CA",37.6599999,-121.02,18
Hampton,43.103251,-88.06241759999999,18
"Modesto, CA",37.6577783,-121.028157,18
Poplar,29.4395186,-98.5090312,18
Douglas,31.3791637,-109.5463714,18
"Ridgecrest, CA",35.6478474,-117.6941057,18
"Boston, MA",42.3409255,-71.0567758,18
Obetz,39.89072,-82.95695,18
West Vancouver,45.6375313,-122.6949568,18
Opelika,32.6270395,-85.37598799999999,18
Oceana,36.8375982,-76.0053791,18
Delaware,40.27382,-83.12899,18
Bunnell North,29.5101506,-81.273095,18
Chalco,41.16457,-96.14178,18
Cochran Mills,39.080371,-77.51566439999999,17
Temple,31.1464292,-97.34114849999999,17
Moncks Corner Plant 373,33.15555,-80.01892,17
"Stockton, CA",37.9331976,-121.2248075,17
Owings Mills,39.4329293,-76.7781092,17
Wilmington Plant 19 (NCDOT RM 463),34.23723,-77.94885,17
Evanston,42.029306,-87.70820499999999,17
Rockford,35.8254989,-83.95282949999999,17
Henrico,37.5084674,-77.4071416,17
COS Main,38.79324,-104.7703027,17
Chesterfield,37.4388606,-77.6225007,17
Windsor,40.47468,-104.94198,17
Spring,30.0814578,-95.4311769,17
Anacortes,48.4627941,-122.5504731,17
Yakima #25,46.5975215,-120.4902484,17
Delray,26.4600537,-80.0917286,17
Fort Myers,26.6364326,-81.82917119999999,17
South Lauderdale Plant 1068,26.0883682,-80.1596041,17
Livingston,32.611419,-88.182417,17
St. Petersburg,27.7641882,-82.66600249999999,17
64th Plant,41.7765271,-87.6246183,17
Plant 14 Lafayette,39.9787125,-105.0728182,17
Beltsville,39.0419592,-76.90175219999999,16
Tomball,30.1157019,-95.59496279999999,16
Roseville,38.75946,-121.26668,16
Irving,32.8823923,-97.00184349999999,16
BELLE PLAINE READY-MIX,44.6219869,-93.7553726,16
Batch Plant No. 2,31.7922034,-106.523866,16
MRM Littleton Plant,42.5449333,-71.5186946,16
Todd,30.2093015,-97.7397022,16
REXCON Plant 8,39.0653986,-77.1259655,16
Orchard Park,42.7598409,-78.75104,16
Prineville (Oregon),44.2857134,-120.888128,16
260730 - Redmond (Oregon),44.275745,-121.159513,16
Freeport,30.4893509,-86.14051409999999,15
Neyland Drive,35.9439403,-83.92997439999999,15
Culpeper,38.3551995,-78.04211200000002,15
Card Sound Mine,25.3867157,-80.4528169,15
Clackamas,45.402493,-122.546859,15
Harlingen,26.1173788,-97.7117897,15
Downtown SA RM,29.43723,-98.4567699,15
Baytown,29.7612518,-94.9209047,15
"Sonora, CA",37.8874692,-120.515654,15
"San Andreas, CA",38.178953,-120.676203,15
Eagle Plant,43.681962,-116.321525,15
Doraville 312,33.92109,-84.2391,15
Grantley,39.3359295,-76.67066729999999,15
Wilsonville,45.298688,-122.7793153,15
Jeffersonville,38.3510983,-85.7079143,15
Prospect Avenue,26.1561289,-81.7627011,14
240830 - Eugene (Oregon),44.1025625,-123.1106875,14
Pompano Beach 1071,26.275636,-80.08726539999999,14
Downtown Miami Plant 1055,25.8148223,-80.1955146,14
Central South,27.3472304,-82.5415483,14
Plant 16,42.5042841,-71.0651793,14
Yakima #24,46.59833260000001,-120.4779157,14
Lemoore,36.28319,-119.79862,14
SMG - Fayetteville,36.041709,-94.17992869999999,14
Flatiron Dry Batch,39.8757403,-104.6749393,14
Tuscaloosa (Dual),33.2014752,-87.5760985,14
Edinburg,26.2654967,-98.15913719999999,14
Miami 401,25.7969575,-80.2228945,14
Everett - Smith Island,48.0177,-122.18554,14
Howard,30.4362395,-97.694177,14
Tric,39.5455912,-119.4979762,14
Cutten Road,29.946988,-95.5209313,14
34th Street,27.9494563,-82.423791,14
Grissom,29.47724849999999,-98.65298990000001,13
Yard 33,41.8764901,-87.6965451,13
Sterling,42.4252702,-71.77243059999999,13
Texas,39.4632864,-76.6441614,13
Harwin,29.7183125,-95.5308125,13
Brewton,31.0913484,-87.1109063,13
PDM Precast,41.576054,-93.5511446,13
Old River,35.25069,-119.10758,13
Lake Park,26.8010603,-80.0752096,13
Plant 55 South,39.6308824,-105.0184964,13
90 Jenkinsberg,33.32119640000001,-84.0493122,13
DCV,38.8131815,-77.0140144,13
Morgan Ave (A),40.7108599,-73.9334351,13
Byram Concrete & Supply LLC,41.05971359999999,-73.7715556,13
Pembroke Pines,26.0087719,-80.37786799999999,13
SCGA Mobile,33.6298707,-81.8496407,13
Dayton,45.1587876,-93.504474,13
Arlington,48.2076879,-122.1450274,13
Humble RM,29.9457789,-95.2821582,13
Holmes RM (JV),29.6541854,-95.4377729,13
Ruston,32.5302209,-92.6668024,13
Bristol,36.6098769,-82.171282,13
Rome,34.271341,-85.193713,13
Colton 1,34.0555159,-117.364444,13
Prescott,34.6642935,-112.4380799,12
National City,32.6711324,-117.112681,12
Cocoa,28.4056518,-80.762945,12
Columbus Plant,39.988902,-82.86323600000001,12
Sunrise Plant 1069,26.1351973,-80.1177335,12
Flagstaff,35.226045,-111.5723205,12
New Castle,40.9839672,-80.3499906,12
St Augustine,30.01174499999999,-81.39411179999999,12
Naperville 281,41.7788072,-88.15667640000001,12
Arcola Rail Yard,29.4976444,-95.46915419999999,12
Sundial Asphalt Plant,45.563661,-122.410523,12
Pennington,32.210971,-88.04739099999999,12
Arkhola - Southside,35.3274791,-94.374693,12
LANCASTER READY-MIX - GENESEE,42.940684,-78.61223799999999,12
Morristown,36.188602,-83.33544599999999,12
Stafford,38.412492,-77.4205549,12
Valkaria,27.9522484,-80.5396129,12
Webster,29.5417448,-95.11931799999999,12
"Omaha, NE #7 Plant",41.24899,-95.97944,12
Manor Plant 6,30.350209,-97.4946056,12
Swan Plant 117,32.082402,-110.8885642,12
Englewood,29.7498917,-95.31957399999999,12
Flatiron Wet Batch,39.8757403,-104.6749393,11
Cordelia,38.2358623,-122.045621,11
Merced,37.329579,-120.5191162,11
Palmomar Oceanside,33.1998098,-117.3396348,11
BUFFALO READY-MIX - HOPKINS,42.843956,-78.833625,11
Carson City,39.2356492,-119.6597061,11
Monument Street,39.298572,-76.5677817,11
114 - Alta Drive,30.4205451,-81.5693301,11
Costilla,38.8292672,-104.8147738,11
Bethlehem,40.6028771,-75.3385419,11
Hockley,30.0356653,-95.8594906,11
MidCo - Van Buren,35.40617100000001,-94.3288006,11
Chicopee,42.1663314,-72.5381958,11
02-Wilmington,34.1811016,-77.93799489999999,11
#2,26.3144042,-98.1553304,11
Arkhola - Tahlequah,35.8741427,-94.97939570000001,11
Mt Belvieu,29.8820741,-94.93058959999999,11
Missouri City RM (JV),29.6204184,-95.54359,11
London Q58,40.0689574,-75.3083283,11
Tremont,38.4966501,-121.7909284,11
Sierra Vista,31.5115565,-110.2416442,11
81 Peachtree City,33.3788746,-84.58241459999999,11
Mooresville (149),39.6200197,-86.36147559999999,11
Newberg Ready Mix Plant 2,45.28585,-122.94998,10
Arkhola - Fayetteville,36.1143097,-94.14645569999999,10
Arkhola - Springdale,36.22792159999999,-94.1249579,10
Joliet,41.5128642,-88.09275389999999,10
Northfield,44.44298999999999,-93.183509,10
Waldorf,38.6302149,-76.8860418,10
Kingsport,36.5142048,-82.5619279,10
Grand Parkway,29.728786,-94.8918818,10
Globe,33.4488287,-110.8280972,10
Mosielee,29.908244,-95.4730663,10
MidCo - Jenny Lind,35.2405911,-94.3344587,10
Brownsville Plant 4279,25.903045654296875,-97.49888610839844,10
Ft. Collins,40.553799,-105.0218522,10
Ithaca,42.474208,-76.407078,10
Lodi,38.1434648,-121.251705,10
MidCo - Poteau,35.0210442,-94.64641309999999,10
MidCo - Sallisaw,35.4635974,-94.80915809999999,10
SMG - Centerton,36.3505692,-94.26339899999999,10
SMG - Huntsville,36.0896607,-93.7310881,10
Arkhola - Harrison,36.2806012,-93.15942199999999,10
Arkhola - Sallisaw,35.4598152,-94.80141499999999,10
Arkhola - Stilwell,35.8154638,-94.62618739999999,10
Arkhola - Waldron,34.90785109999999,-94.0886431,10
Camp Verde,34.6173824,-111.9120065,10
SMG - Rogers,36.3540922,-94.1540268,10
SMG - Siloam Springs,36.1681935,-94.52012719999999,10
SMG - Springdale,36.2263728,-94.1249198,10
"Omaha, NE #5 Plant",41.21141,-96.00903,10
Ellington,29.6212682,-95.1613618,10
Morgan's Point (La Porte),29.6772392,-95.01770839999999,10
Big Bend,27.7934441,-82.37968819999999,10
Jenna,40.8360483,-73.8777528,10
Reno,39.5341504,-119.7807499,10
Sterling Ready Mix Plant,40.6281741,-103.1925888,9
63rd Street - 352,39.0158443,-94.5172979,9
Brooklyn Ready Mix,40.7263978,-73.92958229999999,9
Farmersville,36.31823,-119.21187,9
Rosenberg,29.5096939,-95.7562019,9
Marysville,39.1290892,-121.5724984,9
Rothwell,29.6204184,-95.54359,9
80 Fairburn,33.570494,-84.56947,9
San Bernardino 1 - Baseline,34.1220434,-117.3426756,9
Jersey Precast (RMC),40.233284,-74.7351755,9
Manchester,41.793486,-72.5570709,9
Durham Plant (NCDOT RM No. 67),35.97571080000001,-78.8697601,9
South Lauderdale,26.0844202,-80.1397751,9
Irwindale 1,34.114683,-118.0003388,9
Burlington,42.600657,-88.28381019999999,9
Sun Valley 1,34.2224594,-118.3799683,9
95,39.0955162,-94.6797979,9
Plattburgh ReadyMix,44.7114688,-73.4706533,9
South Bend,41.6300524,-86.2586092,9
Prestress – Spokane Valley (Washington),47.6472338,-117.3372298,9
Temecula,33.4830182,-117.1439618,9
Carol Stream,41.8982295,-88.10839159999999,9
50 Tarrant Plant,33.579203,-86.77977399999999,9
East Vancouver,45.6218533,-122.4809599,9
Portable,39.3256187,-94.6003425,8
Chappell,35.1499149,-106.6056958,8
Plant 13,42.6317825,-71.4213645,8
Industrial Rd Plant 163,41.121391,-85.14687370000001,8
New Carlisle Plant 9,41.69332,-86.4748604,8
Ankeny,41.7219316,-93.5745469,8
36th&L,41.2122558,-95.96686079999999,8
Oildale,35.42393,-118.99687,8
Downtown,29.6204184,-95.54359,8
New Britain Concrete,41.6675934,-72.8313423,8
Corvallis Plant,44.56401,-123.22747,8
Palmdale,34.54338,-117.9897084,8
"Omaha, NE #3 Plant",41.3141,-96.04775,8
"Falmouth, MA",41.6152913,-70.59834409999999,8
Long Beach,33.8748747,-118.1619468,8
Bakersfield,35.3528836,-118.9749466,8
MB3,33.60940950000001,-83.8835502,8
YD 11,42.2919538,-83.1103928,8
Regency Park,28.4020968,-81.38086179999999,8
YD 02,42.4482416,-83.0053628,8
Brownsville,25.9739925,-97.33005299999999,8
Willimantic,41.7249805,-72.192371,8
Boro Sand & Stone (North Attleboro),42.0069604,-71.2874994,8
5 Plant,40.0978014,-82.9305339,7
Elkhart West,41.6924335,-86.0071543,7
Southmont Plant,32.3293512,-86.35095419999999,7
"Dekalb, USA",41.9927943,-88.6907293,7
"Portable LA - 	1234 Holly Ridge, Louisiana 71269",32.4679792,-91.627321,7
Medford (Oregon),42.4222598,-122.9591203,7
Upper Marlboro,38.8169618,-76.73917569999999,7
Elkhorn,41.2672966,-96.2177116,7
Lenoir,35.8832017,-81.55812399999999,7
"Fargo, ND",46.8872534,-96.8499574,7
Kennesaw,34.02252720000001,-84.5927199,7
GIBSON & SCHAEFER,32.7343297,-115.5260772,7
Parkersburg,39.236414,-81.515889,7
Kyle Canyon,36.3359366,-115.3152196,7
West Nashville,36.1623413,-86.8852021,7
37 Leeds Plant,33.544647,-86.522567,7
Chicago Northside,41.5454966,-87.8495272,7
Losee,36.2332713,-115.1180665,7
Plant 12 Aurora,39.75429099999999,-104.809458,7
East,39.8048352,-89.6295169,7
JACKSON,33.2546522,-84.1027093,7
423331 - Sioux Falls West (South Dakota),43.5589587,-96.7680195,7
Pegasus,42.2274,-83.559293,6
Gary,41.58355540000001,-87.3049376,6
"YD 130 | 19515 NE Frontage Rd Shorewood, Illinois",41.5287448,-88.1801256,6
Hutto Plant,33.7971235,-98.56364049999999,6
Post Road (105),39.8145427,-86.00968569999999,6
JPC Middlebury,44.0076275,-73.0967054,6
Lakeshore,33.433904,-86.898479,6
Wiggings Pass (North Naples),26.2928492,-81.7930552,6
Virginia,37.1980929,-77.5232635,6
Finchley,36.653978,-78.4946509,6
Titan,42.478554,-83.039451,6
Vicksburg,32.292753,-90.896125,6
Orlando - Division Ave,28.5173064,-81.3844565,6
Downtown Louisville,38.2580791,-85.73850259999999,6
Plant 7,42.8429407,-70.9542362,5
Springfield,42.1492967,-72.449095,5
Douglasville,33.7379411,-84.79203249999999,5
"Lebanon, IN (112)",40.0445032,-86.4707655,5
Boro Sand & Stone (Easton),42.0253234,-71.15406430000002,5
Cheyenne Facility Plant,41.1161052,-104.7738721,5
Stuart,27.1994234,-80.2553091,5
Plant 20,42.5392955,-71.690358,5
Round Rock Plant 3-4,30.4642673,-97.6639139,5
"YD 24 |1200 N Butterfield Rd Vernon Hills, Illinois",42.2957802,-87.9841216,5
Ardmore Ave.,41.0238743,-85.1892354,5
Montgomery 255,41.7343677,-88.3430703,5
Kienstra Material Co.,38.6864971,-90.34839819999999,5
161030 - Medford (Oregon),42.3750131,-122.8940946,5
Point South (623),40.4522244,-111.9115873,5
Hebron,39.070571,-84.716464,5
TFM Concrete Plant #1,26.2588163,-98.5315816,5
Plant #1,26.1990928,-98.3251751,5
Auburndale,28.0499308,-81.8075977,5
Empire Transit,40.7195146,-73.9249655,5
YD 33,41.8324925,-87.700648,5
Hermitage,41.199088,-80.4839787,5
Aliquippa,40.6152936,-80.2393185,5
Gretna,41.15303,-96.2364054,5
New Buffalo,41.7853365,-86.7345467,5
PLANT 142,38.002162,-84.163637,5
Alparetta,34.05834,-84.30718,5
Madison Plant No. 2,43.09837,-89.31816,5
85 Auburn,32.9820195,-83.8788794,5
Six Mile Plant,35.0307789,-82.0458977,5
Plant 4,43.2069903,-89.1758828,5
Salina,38.8420876,-97.63367269999999,5
Evans Rd,29.617973,-98.35122609999999,5
Plant 13 Sedalia,39.4719409,-104.9931262,5
East 96th Street (123),39.9272652,-86.0830338,4
South County Concrete Plant,32.6849249,-114.5725455,4
Plant B,40.8031815,-124.17332,4
Yuma,32.6908802,-114.5994817,4
Spanish Fork (629),40.1388345,-111.6498909,4
113 - Baldwin,30.1878066,-81.5663131,4
Wismann Lane,39.9576992,-91.3634761,4
Cedarhurst,40.6301652,-73.74464309999999,4
Center St,41.2419794,-95.94827819999999,4
Reno Plant,39.53381,-119.78045,4
Morgan Ave (B),40.7108599,-73.9334351,4
Plant 31,44.776179,-91.55127999999999,4
Woodway,31.4836876,-97.26004909999999,4
"Council Bluffs, IA",41.1916949,-95.88549580000002,4
Orlando Taft,28.41314,-81.38423,4
Pavilion,42.1102344,-79.20539130000002,4
260930 - Tumalo (Oregon),44.1444304,-121.3315717,4
Olive Branch,34.9955461,-89.87156859999999,4
Seat Pleasant,38.8884929,-76.90285349999999,4
YD 36,42.6333984,-83.2394238,4
Boone,36.2068537,-81.709054,4
Leesburg,39.0771391,-77.5208176,4
State Ave  Plant  (1),47.3691165,-102.7513338,4
Elton Road,32.215744,-90.224588,4
Walnut,34.0082534,-117.8514209,4
14-Hickory,35.7267732,-81.27336919999999,4
244630 - Wheatland (Oregon),45.0945141,-123.0303884,4
Albuquerque Ready Mix Plant,34.98067,-106.6579,4
Salmon Bay Sand & Gravel,47.665053,-122.3835323,3
61st Street - CAM67B42,39.9209784,-75.2126717,3
Mission,26.2089162,-98.40293729999999,3
Norfolk,36.8339079,-76.25092699999999,3
Rosenberg Plant 4373,29.5299598,-95.64994709999999,3
Stuart Plant 1090,27.1916272,-80.2488596,3
Portable H,32.8627533,-96.9064916,3
Ocala West,29.1647199,-82.2182996,3
Snoqualmie Ready Mix and Aggregate Plant,47.545987,-121.814967,3
Oceanside,33.2163522,-117.3663298,3
Lacey,47.0646444,-122.7942749,3
North Chicago,42.3005753,-87.874822,3
Starlight,41.9109139,-75.3040123,3
Sparrows Point,39.2209373,-76.4635021,3
Fairfield,39.3366041,-84.60138219999999,3
Huntington,38.4630825,-82.3100019,3
Metairie,29.9742964,-90.15727679999999,3
Fountain Valley,33.7015439,-117.9320742,3
Reservoir,32.3814911,-89.96675959999999,3
West Plant,33.4919494,-112.311191,3
3,36.617785,-87.2307604,3
Stafford Plant 4367A,29.6513643,-95.5880883,3
CTI Mobile Plant,41.6589874,-93.7841105,3
Alsip,41.662549,-87.74966959999999,3
Ozinga Northside,41.91815,-87.6664,3
YD 14 PM,41.9131953,-88.0279189,3
Massena ReadyMix,44.9139457,-74.8857475,3
Lemont,41.6792914,-88.005118,3
Los Banos,37.02726,-120.89261,3
Dunkirk,42.4570955,-79.30540959999999,3
Duwamish Washington,47.5482914,-122.3347862,3
Plant 3 Brighton,39.8285606,-104.9564944,3
Montgomery - Metro,32.4221519,-86.2316988,2
Sloan,35.9349723,-115.1876137,2
Tracy Clark Portable Plant 61,39.54813,-119.57474,2
Erie Strayer MC11C 9563,35.9146864,-79.05562030000002,2
Dulles Plant V05,38.98286,-77.44762,2
Rio Rancho,35.2589973,-106.630581,2
Cedar Pass Plant,39.9924,-74.80226,2
"Smyrna, GA",33.8329472,-84.4711279,2
Ina Road,32.3453086,-111.079861,2
Red Mountain,33.4835625,-111.7234375,2
Pike Peak Parking Lot,39.8302517,-104.7157494,2
Truro Station,39.9353539,-82.8814639,2
Colorado Springs Ready Mix Plant 2,38.872199,-104.68522,2
Sanborn,43.1297751,-78.9326121,2
241930 - Stayton (Oregon),44.791615,-122.7895311,2
Sky River,47.8432979,-121.9883267,2
Kansas City Plant 2,39.06484,-94.68904,2
Eldridge,41.6223877,-90.5733451,2
Builders,41.5016027,-90.6290001,2
Ogden (607),41.224811,-112.0246096,2
Chico Plant,39.7062131,-121.7753292,2
Otay Plant,32.6528221,-117.0884789,2
"Roscoe | 4896 McCurry Road Roscoe, IL 61073",42.4425392,-89.02108009999999,2
Council Bluffs,41.2502721,-95.8564815,2
La Porte Plant 4365,29.6657838,-95.0193728,2
Charlestown,38.4132803,-85.6702368,2
Rex Model S Single,39.87574499999999,-104.6756691,2
Orchards Ready Mix Plant,45.68806,-122.55251,2
Red Oak Plant,33.6255313,-84.4748087,2
Colorado Springs Ready Mix Plant 3,38.7882211,-104.7667829,2
Lee's Summit,38.87962,-94.369889,2
Front Avenue Facility,45.56114,-122.73264,2
Alton,33.5772111,-86.6426187,2
South Miami,25.7274948,-80.3111042,2
Owasso,36.2320367,-95.81038629999999,2
Boston Plant,42.3724386,-71.0694805,2
Tomball Plant 4372,30.1098349,-95.5827334,2
Troutdale Ready Mix Plant,45.54785,-122.40902,2
CANAL PLANT,30.4283165,-89.0795886,2
Pier 92 Amador Plant,37.7469167,-122.3810059,2
Orlando,28.5167677,-81.38442649999999,2
Leavenworth,39.3041086,-94.90608089999999,2
MMC,37.4463261,-121.9102532,1
JC Howard Concrete Supply Co. LLC,40.4015738,-80.1043012,1
Southwest Plant V20,38.882,-76.9972,1
Owl Canyon,40.7551424,-105.0177567,1
Ashland City,36.22898,-87.018354,1
1 NEW Cadman,48.8330425,-122.5689323,1
Fort Myers Plant,26.63682,-81.784745,1
Webster Plant 4371A,29.5420953,-95.1292454,1
SH-115,38.7018718,-104.8275701,1
Plant 35,44.9063923,-91.8435266,1
Hanover Plant,39.81883,-77.03362,1
#143 Camey A,33.0838083,-96.8555153,1
Hockley Plant 4362A,29.9654628,-95.8087086,1
South Bend Plant 10,41.611919,-86.338521,1
321532 - St. Joseph (Minnesota),45.5672802,-94.2854148,1
Alameda Ready Mix,34.01276,-118.23559,1
340132 - Bismark (North Dakota),46.793632,-100.7393419,1
Wilmington Plant 4 NCDOT 535,34.23723,-77.94885,1
6 Plant,40.0143636,-83.10455320000001,1
Harlingen Plant No. 4208,26.0453556,-97.70971449999999,1
Santa Fe,35.63636899999999,-106.074552,1
Grimes,41.6552387,-93.7815821,1
Ellington Plant 4360,29.6124152,-95.1901384,1
33 Montevallo,33.0918378,-86.8167974,1
F&F Concrete,41.5868602,-72.8946802,1
Plant 11 (Goodyear),33.3919686,-112.4424846,1
112 - St. Augustine,30.0082079,-81.3899569,1
111 - Green Cove Spring,29.9620726,-81.6737476,1
Frankfort,38.2081619,-84.8520793,1
Crawfordsville,40.0488487,-86.84219089999999,1
Westfield,40.049468,-86.224667,1
Portable Plant #420,41.231698,-87.46272499999999,1
Otsego Ready Mix,42.436191,-75.00301499999999,1
Hercules,42.32017099999999,-83.066194,1
Corinth,32.7614548,-96.7924527,1
West Valley (621),40.6518675,-112.0559476,1
Oxnard,34.19935359999999,-119.127152,1
Spring Hill,35.7548975,-86.96716029999999,1
Southbury,41.50336240000001,-73.2199854,1
Alameda,34.0124507,-118.2357175,1
Loveland Ready Mix,40.3987485,-105.1224781,1
Loveland Ready Mix North,40.386223,-105.0315607,1
Sterling RM (Plant 2),38.9813277,-77.44932419999999,1
Tumalo,46.8341854,-100.8105596,1
Lebanon (#847),36.2004186,-86.29051899999999,1
"SWOPE, Charles City",37.3410822,-77.0750664,1
TPAC,39.8517421,-104.9538984,1
